,IL1L,IL1R,IL1VR,FLPL,URYDL,IL1VL,URYVR,URYDR,IL1DR,OLQDR,OLQVL,OLLR,FLPR,URYVL,IL1DL,OLLL,ADER,OLQDL,ADEL,ADLL,AQR,ASHL,ADLR,ASHR,IL2DL,ASGL,ASKL,ASGR,ASKR,IL2DR,CEPDL,OLQVR,BAGR,IL2VR,CEPVL,ASIR,IL2VL,AWAR,CEPVR,IL2L,AWAL,CEPDR,BAGL,URXR,ASIL,AWCR,ASER,IL2R,AWCL,URXL,ASEL,AWBR,AWBL,AVDR,AVDL,AVBR,SAAVR,SAAVL,RICL,AVER,AVBL,RICR,SAADR,RIAR,RIAL,SAADL,AVEL,AVJR,RMGL,ADAR,ALA,ADAL,RIMR,AVJL,RIML,AIBL,AVAL,AUAL,RIS,AIBR,AVAR,AVKR,RIBR,AVL,AVHL,AINL,RIBL,AIML,AINR,AIMR,RID,AVKL,URBL,AIZR,AIZL,URBR,AUAR,AIYL,RIR,RIH,AIYR,RMDDR,RMDVR,RMDVL,RMED,RMDDL,RMEV,URAVL,URADR,RIVL,URADL,URAVR,RIVR,SMDDR,RMER,SMBVR,SMDVR,RMEL,SMDVL,SMDDL,RMDR,RMDL
IL1L,0,11,10,14,12,10,10,10,13,14,15,14,8,14,13,14,7,15,13,8,4,6,4,0,14,13,3,10,3,14,15,12,0,12,13,5,10,7,10,12,10,15,7,12,4,9,6,8,14,13,12,8,15,11,13,1,2,9,14,12,4,9,3,7,9,2,11,12,4,1,2,10,5,14,6,14,13,14,3,14,12,1,2,3,6,11,9,2,10,3,14,1,12,14,13,8,6,3,4,13,4,11,12,13,3,14,4,5,4,15,7,2,13,3,14,2,10,13,14,5,5,12
IL1R,11,0,10,13,9,8,12,9,11,11,12,13,7,12,10,12,7,12,12,5,3,5,4,0,11,11,3,9,3,12,13,8,0,11,11,5,8,8,9,10,8,12,5,11,4,7,5,7,12,11,11,7,13,9,12,1,4,7,12,10,2,9,3,6,8,2,8,11,4,1,2,10,6,12,7,13,11,12,1,12,10,2,2,3,4,10,8,3,8,4,10,1,11,12,12,7,7,3,3,10,4,10,10,11,3,12,5,5,3,13,6,2,12,3,12,2,11,12,12,5,2,10
IL1VR,10,10,0,11,8,10,9,8,10,10,11,12,6,11,9,11,4,11,11,5,0,7,2,0,10,10,3,9,3,10,12,8,0,10,10,4,8,5,6,10,7,11,5,9,3,7,3,6,11,9,10,4,12,8,12,0,2,7,11,8,1,7,2,5,9,2,8,8,4,0,2,9,5,12,5,12,10,12,2,11,9,2,0,2,3,8,6,2,7,3,9,2,10,11,11,7,5,3,3,9,3,8,9,10,3,11,4,6,2,12,6,2,10,3,11,1,8,11,10,5,4,10
FLPL,14,13,11,0,12,10,12,11,14,14,15,15,9,15,13,14,8,15,14,8,4,6,5,0,14,14,3,11,3,15,16,11,0,13,13,6,10,9,10,13,10,15,6,12,5,9,7,10,15,13,14,9,16,11,14,1,4,9,15,12,4,10,4,8,10,3,11,13,6,1,2,12,6,15,7,15,14,15,3,15,13,2,2,3,6,12,9,3,10,4,13,1,14,15,15,9,7,3,3,12,4,12,12,13,3,15,6,6,4,16,8,2,15,4,15,2,12,13,15,6,4,13
URYDL,12,9,8,12,0,9,8,9,12,12,13,12,8,13,12,12,7,13,11,9,4,6,4,0,12,13,2,9,2,12,13,11,0,12,10,5,10,6,7,11,8,13,7,11,5,8,5,8,12,11,10,7,13,9,11,1,3,6,12,11,4,8,3,6,8,2,9,10,4,1,1,8,6,12,6,12,12,12,3,13,10,2,2,4,6,9,10,3,9,4,11,2,10,13,11,6,5,3,4,11,4,9,9,11,1,12,5,5,3,13,4,2,12,2,12,1,8,10,12,3,4,11
IL1VL,10,8,10,10,9,0,7,7,9,10,11,10,5,10,10,10,3,11,10,6,1,7,1,0,10,10,3,8,3,10,11,8,0,9,8,3,8,5,6,9,6,11,6,9,3,7,1,5,10,9,9,3,11,7,11,0,1,6,10,9,2,5,2,5,7,2,8,7,4,0,1,8,5,11,5,11,9,11,3,10,8,2,0,2,4,8,7,2,5,3,9,2,9,10,10,5,4,3,3,10,3,8,7,8,3,10,3,5,2,11,4,2,9,2,10,1,7,9,10,4,5,10
URYVR,10,12,9,12,8,7,0,8,10,10,11,12,7,11,9,11,6,11,11,5,3,5,4,0,11,10,2,9,2,11,12,7,0,9,10,5,8,8,9,10,7,11,5,10,4,7,5,7,11,10,11,7,12,8,11,1,4,7,11,9,2,8,3,5,7,2,7,10,4,1,1,9,5,11,6,12,10,11,1,11,9,2,2,3,3,10,7,3,8,4,9,1,11,11,11,7,7,3,2,9,4,9,10,10,2,11,5,5,3,12,6,2,11,3,12,2,10,11,11,5,2,9
URYDR,10,9,8,11,9,7,8,0,13,11,11,12,6,12,10,11,6,12,10,7,3,5,4,0,11,10,2,7,2,11,13,8,0,9,11,4,6,7,7,11,7,12,5,10,4,6,5,8,13,11,9,7,13,7,11,1,3,8,11,10,4,6,3,8,9,3,8,10,4,1,2,8,6,12,4,11,12,11,2,11,11,2,2,4,5,7,8,2,8,3,9,2,10,11,10,5,4,2,2,9,3,8,10,10,2,11,6,6,3,13,5,1,11,3,12,2,9,10,11,4,4,10
IL1DR,13,11,10,14,12,9,10,13,0,14,14,15,8,15,13,14,7,15,13,8,4,6,5,0,14,13,2,10,2,14,16,11,0,12,14,6,9,9,9,14,9,15,6,12,4,8,7,10,16,13,12,9,16,10,14,2,4,9,14,12,4,9,4,8,10,3,10,12,6,1,2,10,6,15,5,14,15,14,3,14,13,2,3,5,5,10,10,2,11,3,12,2,13,14,13,7,6,2,4,12,3,10,12,13,2,14,6,6,3,16,6,1,14,4,15,2,10,13,14,4,5,12
OLQDR,14,11,10,14,12,10,10,11,14,0,15,15,7,15,15,15,6,16,13,8,4,6,3,0,15,13,3,10,3,15,16,11,0,13,13,5,10,9,10,13,10,16,6,13,5,9,6,9,15,14,12,9,16,11,14,2,3,10,15,13,4,9,3,7,10,2,10,12,5,1,2,10,6,15,7,14,14,14,3,14,12,1,3,5,6,11,9,3,9,3,13,2,13,14,13,8,5,2,4,13,3,10,12,12,3,14,4,6,4,16,7,2,14,3,15,2,10,13,15,4,4,12
OLQVL,15,12,11,15,13,11,11,11,14,15,0,15,8,15,14,15,7,16,14,9,4,7,4,0,15,14,3,11,3,15,16,12,0,13,13,5,11,8,10,13,10,16,7,13,5,10,6,9,15,14,13,8,16,11,14,1,3,9,15,13,4,9,3,8,10,2,11,12,5,1,2,11,6,15,7,15,14,15,3,15,13,2,2,4,6,12,10,3,10,4,14,2,13,15,14,8,6,3,4,13,4,11,12,13,3,15,5,6,4,16,7,2,14,3,15,2,11,13,15,5,5,13
OLLR,14,13,12,15,12,10,12,12,15,15,15,0,9,16,14,16,8,16,14,8,3,7,5,0,15,14,3,11,3,15,17,11,0,14,15,6,11,9,10,14,10,16,6,14,5,9,7,10,16,14,13,9,17,12,15,2,4,10,15,13,3,10,3,7,12,2,11,13,5,1,2,11,7,16,7,15,15,15,2,15,13,2,3,5,5,11,9,3,11,4,13,2,14,15,14,9,7,3,4,13,4,11,14,14,3,15,6,7,4,17,8,2,15,3,16,2,11,15,15,5,4,13
FLPR,8,7,6,9,8,5,7,6,8,7,8,9,0,9,7,8,6,8,7,6,2,4,4,0,8,9,1,6,1,8,9,7,0,8,8,6,7,4,5,8,5,8,5,7,4,4,5,6,8,6,8,6,9,7,7,0,2,5,8,6,3,7,2,3,6,2,6,8,2,1,0,5,4,8,3,8,8,8,2,9,6,1,1,1,4,6,5,2,8,3,7,0,8,9,8,7,5,3,1,7,4,7,8,9,0,8,5,4,3,9,5,2,9,2,9,1,5,8,8,3,2,7
URYVL,14,12,11,15,13,10,11,12,15,15,15,16,9,0,14,15,8,16,14,9,4,6,5,0,15,15,2,12,2,15,17,12,0,14,14,6,11,9,10,14,11,16,7,13,5,10,7,11,16,14,13,10,17,12,15,2,4,10,15,13,4,10,4,7,12,3,11,14,5,1,2,11,7,16,7,15,15,15,3,16,13,2,3,5,6,11,10,3,11,4,13,2,14,16,14,9,7,3,4,13,4,11,13,13,2,15,6,6,3,17,7,2,16,4,16,1,11,14,15,6,4,13
IL1DL,13,10,9,13,12,10,9,10,13,15,14,14,7,14,0,14,6,15,12,8,4,6,3,0,14,13,3,9,3,14,15,10,0,13,12,5,10,9,9,12,9,15,6,13,5,8,5,8,14,13,11,8,15,10,13,2,3,9,14,13,4,8,3,6,9,2,10,11,5,1,1,9,6,14,7,13,13,13,3,13,11,1,3,5,6,10,9,3,8,3,12,2,12,13,12,7,5,2,4,13,3,10,11,11,3,13,4,6,4,15,6,2,13,2,14,2,9,12,14,3,4,12
OLLL,14,12,11,14,12,10,11,11,14,15,15,16,8,15,14,0,7,16,13,8,3,7,4,0,15,13,3,10,3,15,16,11,0,13,14,5,11,8,10,13,9,16,6,14,5,9,6,9,15,14,12,8,16,12,14,2,3,9,14,13,3,9,2,7,11,1,10,12,4,1,2,10,7,15,7,14,14,14,2,14,12,2,3,5,5,11,9,3,10,4,13,2,13,14,13,8,6,3,4,13,4,10,13,13,3,14,5,6,4,16,7,2,14,2,15,2,10,14,15,4,4,12
ADER,7,7,4,8,7,3,6,6,7,6,7,8,6,8,6,7,0,7,7,5,3,2,5,0,6,8,2,5,2,7,8,6,0,8,7,3,5,4,5,6,6,7,3,7,3,4,5,6,7,7,6,6,8,6,6,1,3,4,7,7,2,6,2,4,6,1,7,8,2,1,1,6,4,7,4,7,8,7,0,8,7,1,2,2,4,5,5,2,6,3,7,0,6,8,7,4,4,2,2,6,3,7,7,8,1,8,4,3,3,8,4,1,8,1,7,1,7,7,7,3,1,7
OLQDL,15,12,11,15,13,11,11,12,15,16,16,16,8,16,15,16,7,0,14,9,4,7,4,0,16,14,3,11,3,16,17,12,0,13,14,5,11,9,11,14,10,17,7,14,5,10,6,10,16,15,13,9,17,12,15,2,3,10,15,14,4,9,3,8,11,2,11,13,5,1,2,11,7,16,7,15,15,15,3,15,13,2,3,5,6,12,10,3,10,4,14,2,14,15,14,8,6,3,4,14,4,11,13,13,3,15,5,6,4,17,7,2,15,3,16,2,11,14,16,5,5,13
ADEL,13,12,11,14,11,10,11,10,13,13,14,14,7,14,12,13,7,14,0,8,4,6,4,0,13,13,3,12,3,13,15,10,0,12,12,5,9,9,10,12,10,14,6,11,3,10,6,9,14,13,12,8,15,9,14,1,4,9,14,12,2,9,3,7,10,2,11,11,6,1,2,12,5,14,6,15,14,14,2,14,13,2,2,4,4,12,9,3,9,4,13,2,12,14,13,7,6,2,4,12,3,11,11,12,3,15,4,5,3,15,7,1,13,4,14,2,12,13,13,6,5,12
ADLL,8,5,5,8,9,6,5,7,8,8,9,8,6,9,8,8,5,9,8,0,3,5,3,0,9,9,1,7,1,8,9,7,0,7,6,3,7,4,5,8,5,9,5,7,4,7,4,7,8,8,7,5,9,5,7,0,2,5,8,8,3,4,1,5,7,1,7,6,3,1,0,6,4,8,3,8,9,8,2,9,8,2,1,3,4,7,6,3,6,4,8,2,7,9,7,4,2,2,1,7,3,6,7,7,0,9,4,4,3,9,4,1,8,1,9,1,6,6,8,3,4,8
AQR,4,3,0,4,4,1,3,3,4,4,4,3,2,4,4,3,3,4,4,3,0,0,2,0,4,4,0,3,0,4,4,3,0,3,3,2,2,4,4,3,3,4,2,3,1,3,3,3,4,4,3,4,4,2,3,1,2,2,4,4,2,3,2,2,1,1,3,4,2,1,0,3,1,3,2,4,4,3,1,4,4,0,2,2,2,4,4,1,3,1,4,0,3,4,3,1,2,0,1,4,1,4,3,3,0,4,1,0,1,4,1,0,4,1,4,1,4,3,4,1,1,3
ASHL,6,5,7,6,6,7,5,5,6,6,7,7,4,6,6,7,2,7,6,5,0,0,1,0,7,6,2,5,2,6,7,5,0,5,5,2,6,2,3,7,2,7,4,6,3,5,1,4,6,5,6,1,7,4,7,0,1,3,6,5,1,3,1,3,5,1,5,3,3,0,0,5,4,7,3,7,6,7,2,6,5,2,0,2,2,5,4,2,4,3,5,2,6,6,6,3,2,3,1,6,3,5,6,6,1,6,3,5,2,7,3,2,5,0,7,1,4,6,6,2,4,7
ADLR,4,4,2,5,4,1,4,4,5,3,4,5,4,5,3,4,5,4,4,3,2,1,0,0,4,5,0,4,0,4,5,4,0,4,5,2,3,3,3,4,3,4,1,4,2,3,4,4,5,4,5,4,5,4,4,1,3,3,4,4,1,3,2,2,4,1,4,5,2,0,0,4,2,4,2,4,5,5,0,5,5,1,2,2,2,3,3,0,5,1,4,0,5,5,4,3,4,1,1,3,1,4,5,5,0,5,4,2,2,5,2,0,5,1,5,1,4,4,4,2,1,4
ASHR,0,0,0,0,0,0,0,0,0,0,0,0,0,0,0,0,0,0,0,0,0,0,0,0,0,0,0,0,0,0,0,0,0,0,0,0,0,0,0,0,0,0,0,0,0,0,0,0,0,0,0,0,0,0,0,0,0,0,0,0,0,0,0,0,0,0,0,0,0,0,0,0,0,0,0,0,0,0,0,0,0,0,0,0,0,0,0,0,0,0,0,0,0,0,0,0,0,0,0,0,0,0,0,0,0,0,0,0,0,0,0,0,0,0,0,0,0,0,0,0,0,0
IL2DL,14,11,10,14,12,10,11,11,14,15,15,15,8,15,14,15,6,16,13,9,4,7,4,0,0,13,2,11,2,15,16,11,0,11,13,5,11,9,11,14,9,16,7,13,5,10,6,10,15,14,13,9,16,11,14,2,3,10,14,13,4,8,3,7,10,2,10,12,5,1,1,10,6,15,6,14,14,14,3,14,12,2,3,5,5,12,9,3,10,4,13,2,14,14,13,8,6,3,3,13,4,10,13,12,2,14,5,6,4,16,7,2,14,3,16,2,10,13,15,5,5,12
ASGL,13,11,10,14,13,10,10,10,13,13,14,14,9,15,13,13,8,14,13,9,4,6,5,0,13,0,2,11,2,13,15,11,0,14,12,6,11,8,8,12,10,14,7,12,5,9,6,9,14,12,12,8,15,10,13,1,4,8,14,12,4,9,4,6,10,3,11,12,5,1,1,10,6,14,7,14,13,14,3,15,12,2,2,4,6,10,10,3,10,4,12,2,12,15,13,8,7,3,4,12,4,11,11,12,2,14,6,6,3,15,6,2,14,3,14,1,10,12,13,5,4,13
ASKL,3,3,3,3,2,3,2,2,2,3,3,3,1,2,3,3,2,3,3,1,0,2,0,0,2,2,0,1,3,3,3,2,0,3,2,0,1,1,2,2,2,3,1,3,1,1,0,1,2,3,2,1,3,2,3,0,0,2,3,3,0,2,0,2,2,0,3,2,1,0,1,3,2,3,2,3,3,3,0,2,2,0,0,0,2,2,1,1,0,1,3,0,2,2,3,1,0,1,1,3,1,3,2,3,2,3,0,2,2,3,2,1,2,0,2,1,3,3,3,1,1,3
ASGR,10,9,9,11,9,8,9,7,10,10,11,11,6,12,9,10,5,11,12,7,3,5,4,0,11,11,1,0,1,10,12,9,0,9,9,4,8,7,8,10,8,11,5,8,3,10,5,8,11,10,11,7,12,8,12,1,4,8,11,9,1,7,3,4,9,2,8,9,5,0,1,10,4,11,5,12,11,12,2,12,10,2,2,4,3,10,7,2,8,3,10,2,11,12,10,7,6,2,3,9,2,8,9,9,1,12,4,4,2,12,5,1,11,4,12,1,9,10,10,6,4,9
ASKR,3,3,3,3,2,3,2,2,2,3,3,3,1,2,3,3,2,3,3,1,0,2,0,0,2,2,3,1,0,3,3,2,0,3,2,0,1,1,2,2,2,3,1,3,1,1,0,1,2,3,2,1,3,2,3,0,0,2,3,3,0,2,0,2,2,0,3,2,1,0,1,3,2,3,2,3,3,3,0,2,2,0,0,0,2,2,1,1,0,1,3,0,2,2,3,1,0,1,1,3,1,3,2,3,2,3,0,2,2,3,2,1,2,0,2,1,3,3,3,1,1,3
IL2DR,14,12,10,15,12,10,11,11,14,15,15,15,8,15,14,15,7,16,13,8,4,6,4,0,15,13,3,10,3,0,16,11,0,12,13,5,10,9,11,13,9,16,6,13,5,9,6,10,15,14,13,9,16,12,14,2,3,9,14,13,4,9,3,8,10,2,10,13,5,1,2,11,7,15,7,14,14,14,3,14,12,2,3,4,6,12,9,3,9,4,13,1,14,14,14,8,6,3,3,13,4,11,12,12,3,14,5,5,4,16,7,2,15,3,15,2,11,13,16,5,4,12
CEPDL,15,13,12,16,13,11,12,13,16,16,16,17,9,17,15,16,8,17,15,9,4,7,5,0,16,15,3,12,3,16,0,12,0,14,15,6,11,10,11,15,11,17,7,14,5,10,7,11,17,15,14,10,18,12,16,2,4,11,16,14,4,10,4,8,12,3,12,14,6,1,2,12,7,17,7,16,16,16,3,16,14,2,3,5,6,12,10,3,11,4,14,2,15,16,15,9,7,3,4,14,4,12,14,14,3,16,6,7,4,18,8,2,16,4,17,2,12,15,16,6,5,14
OLQVR,12,8,8,11,11,8,7,8,11,11,12,11,7,12,10,11,6,12,10,7,3,5,4,0,11,11,2,9,2,11,12,0,0,10,10,4,8,4,7,10,8,12,6,9,4,8,5,7,11,10,10,7,12,10,11,1,2,7,11,9,3,8,3,5,8,2,8,10,3,0,2,8,5,11,5,11,11,12,3,12,9,1,2,3,6,8,8,1,9,2,11,1,10,12,10,7,5,3,4,10,3,8,9,11,1,11,4,4,3,12,4,2,11,3,11,1,7,10,11,4,4,9
BAGR,0,0,0,0,0,0,0,0,0,0,0,0,0,0,0,0,0,0,0,0,0,0,0,0,0,0,0,0,0,0,0,0,0,0,0,0,0,0,0,0,0,0,0,0,0,0,0,0,0,0,0,0,0,0,0,0,0,0,0,0,0,0,0,0,0,0,0,0,0,0,0,0,0,0,0,0,0,0,0,0,0,0,0,0,0,0,0,0,0,0,0,0,0,0,0,0,0,0,0,0,0,0,0,0,0,0,0,0,0,0,0,0,0,0,0,0,0,0,0,0,0,0
IL2VR,12,11,10,13,12,9,9,9,12,13,13,14,8,14,13,13,8,13,12,7,3,5,4,0,11,14,3,9,3,12,14,10,0,2,12,6,10,7,6,10,10,13,5,12,5,7,6,7,13,11,10,7,14,10,12,1,4,7,14,11,3,10,3,5,10,2,10,11,4,1,2,9,6,13,8,13,12,13,2,14,11,1,2,4,6,8,9,3,9,3,11,2,10,14,12,8,6,2,5,11,3,10,10,12,3,13,5,6,3,14,6,2,13,2,12,1,9,12,12,3,2,12
CEPVL,13,11,10,13,10,8,10,11,14,13,13,15,8,14,12,14,7,14,12,6,3,5,5,0,13,12,2,9,2,13,15,10,0,12,0,6,9,8,9,12,9,14,5,12,3,7,7,8,15,12,11,8,15,11,13,2,3,9,13,11,3,9,3,6,10,2,10,12,4,1,2,9,5,14,5,13,13,13,2,13,12,1,3,4,4,9,8,1,11,2,12,1,12,13,12,8,7,2,4,12,3,10,13,13,3,13,5,5,3,15,7,1,13,3,14,2,9,14,13,4,4,11
ASIR,5,5,4,6,5,3,5,4,6,5,5,6,6,6,5,5,3,5,5,3,2,2,2,0,5,6,0,4,0,5,6,4,0,6,6,0,4,4,3,5,3,5,3,4,2,2,4,3,6,3,5,4,6,4,5,0,2,3,6,3,2,6,2,1,3,2,3,5,2,1,0,3,2,5,2,6,5,5,2,6,4,0,1,1,2,4,4,1,6,1,4,0,5,6,5,5,4,1,1,5,2,5,5,6,0,5,3,2,1,6,3,1,6,2,6,1,3,6,5,1,1,4
IL2VL,10,8,8,10,10,8,8,6,9,10,11,11,7,11,10,11,5,11,9,7,2,6,3,0,11,11,1,8,1,10,11,8,0,10,9,4,0,5,6,10,7,11,6,10,4,7,4,7,10,9,9,5,11,8,9,1,2,5,10,9,3,6,2,4,7,1,8,8,3,1,0,6,4,11,5,10,9,10,2,11,8,2,1,3,3,8,7,3,8,4,9,2,9,11,10,6,5,3,3,9,4,7,9,9,1,10,4,5,2,11,5,2,10,1,11,0,6,9,10,3,3,10
AWAR,7,8,5,9,6,5,8,7,9,9,8,9,4,9,9,8,4,9,9,4,4,2,3,0,9,8,1,7,1,9,10,4,0,7,8,4,5,0,8,8,6,9,3,8,2,5,4,6,10,9,8,7,10,5,9,2,4,7,9,9,2,5,3,4,5,2,6,8,5,1,0,7,3,9,4,9,9,8,1,8,8,1,3,4,2,8,6,2,5,2,7,1,9,8,8,4,5,0,2,8,1,7,7,6,2,9,3,3,2,10,4,0,9,3,10,2,8,8,9,3,2,7
CEPVR,10,9,6,10,7,6,9,7,9,10,10,10,5,10,9,10,5,11,10,5,4,3,3,0,11,8,2,8,2,11,11,7,0,6,9,3,6,8,0,9,7,11,5,9,2,7,4,7,10,11,9,8,11,8,10,2,2,8,9,10,2,6,2,5,6,1,7,10,3,1,1,8,4,10,4,10,10,9,1,9,8,1,3,3,3,10,6,2,6,3,10,0,10,9,9,5,5,2,2,10,3,8,9,8,2,10,2,2,3,11,5,1,10,3,11,2,9,10,11,5,3,7
IL2L,12,10,10,13,11,9,10,11,14,13,13,14,8,14,12,13,6,14,12,8,3,7,4,0,14,12,2,10,2,13,15,10,0,10,12,5,10,8,9,0,9,14,7,11,4,8,6,11,14,12,12,9,15,9,13,2,3,9,13,11,4,8,4,7,9,3,10,11,6,1,1,9,5,15,4,13,14,13,3,13,11,2,2,4,4,10,8,3,10,4,11,2,13,13,13,7,5,3,3,11,4,9,12,12,1,13,5,7,3,15,7,2,13,4,15,1,9,12,13,5,5,12
AWAL,10,8,7,10,8,6,7,7,9,10,10,10,5,11,9,9,6,10,10,5,3,2,3,0,9,10,2,8,2,9,11,8,0,10,9,3,7,6,7,9,0,10,5,8,2,6,5,7,10,10,8,8,11,7,9,1,2,8,11,9,3,7,3,5,7,2,9,10,3,1,2,7,2,11,4,10,10,10,1,11,9,0,1,2,4,7,6,2,7,2,10,1,8,11,10,6,4,1,4,8,2,7,8,9,2,11,2,4,2,11,6,1,10,4,10,0,8,9,9,5,2,9
CEPDR,15,12,11,15,13,11,11,12,15,16,16,16,8,16,15,16,7,17,14,9,4,7,4,0,16,14,3,11,3,16,17,12,0,13,14,5,11,9,11,14,10,0,7,14,5,10,6,10,16,15,13,9,17,12,15,2,3,10,15,14,4,9,3,8,11,2,11,13,5,1,2,11,7,16,7,15,15,15,3,15,13,2,3,5,6,12,10,3,10,4,14,2,14,15,14,8,6,3,4,14,4,11,13,13,3,15,5,6,4,17,7,2,15,3,16,2,11,14,16,5,5,13
BAGL,7,5,5,6,7,6,5,5,6,6,7,6,5,7,6,6,3,7,6,5,2,4,1,0,7,7,1,5,1,6,7,6,0,5,5,3,6,3,5,7,5,7,0,6,2,4,1,4,6,6,5,4,7,4,6,0,0,4,6,6,3,4,2,3,3,2,5,6,1,1,0,3,3,7,2,7,6,6,2,7,4,1,0,1,3,5,6,2,5,3,6,1,5,7,6,3,3,3,2,7,4,5,5,6,0,6,2,3,1,7,2,2,6,2,7,0,4,6,6,3,3,6
URXR,12,11,9,12,11,9,10,10,12,13,13,14,7,13,13,14,7,14,11,7,3,6,4,0,13,12,3,8,3,13,14,9,0,12,12,4,10,8,9,11,8,14,6,0,5,7,4,7,13,13,10,7,14,10,12,2,3,8,12,13,3,7,2,6,9,1,9,11,3,1,1,8,7,13,7,12,12,12,1,12,10,2,3,5,5,9,9,3,8,4,11,2,11,12,11,6,6,3,4,12,4,9,11,11,3,12,5,6,4,14,5,2,12,1,13,2,9,12,13,3,3,11
ASIL,4,4,3,5,5,3,4,4,4,5,5,5,4,5,5,5,3,5,3,4,1,3,2,0,5,5,1,3,1,5,5,4,0,5,3,2,4,2,2,4,2,5,2,5,0,3,2,3,4,4,5,3,5,4,4,0,2,3,5,4,2,3,1,2,4,1,2,4,1,0,0,3,4,4,4,4,4,5,1,5,3,1,1,2,4,3,3,2,3,2,3,1,5,5,4,4,2,2,0,3,2,3,4,4,0,4,4,4,3,5,2,2,5,0,5,1,3,3,5,1,0,4
AWCR,9,7,7,9,8,7,7,6,8,9,10,9,4,10,8,9,4,10,10,7,3,5,3,0,10,9,1,10,1,9,10,8,0,7,7,2,7,5,7,8,6,10,4,7,3,0,4,7,9,9,9,5,10,7,10,1,3,6,9,8,1,5,2,4,8,1,7,7,4,0,1,9,4,9,5,10,9,10,2,10,9,2,2,4,3,9,6,2,6,3,9,2,9,10,8,5,4,2,2,8,2,7,8,7,1,10,3,3,2,10,4,1,9,2,10,1,8,8,9,5,4,8
ASER,6,5,3,7,5,1,5,5,7,6,6,7,5,7,5,6,5,6,6,4,3,1,4,0,6,6,0,5,0,6,7,5,0,6,7,4,4,4,4,6,5,6,1,4,2,4,0,6,7,5,6,6,7,5,5,1,3,4,7,4,2,6,2,3,5,1,5,6,3,1,1,5,1,6,2,6,7,6,1,7,7,0,2,2,2,5,3,1,7,1,6,0,6,7,6,5,3,0,1,4,1,5,7,7,0,7,3,2,2,7,5,0,7,2,7,1,5,6,6,2,1,5
IL2R,8,7,6,10,8,5,7,8,10,9,9,10,6,11,8,9,6,10,9,7,3,4,4,0,10,9,1,8,1,10,11,7,0,7,8,3,7,6,7,11,7,10,4,7,3,7,6,0,10,9,9,8,11,7,9,2,3,6,9,8,3,6,3,6,8,2,8,9,5,1,1,8,4,11,3,9,11,9,2,10,9,2,2,3,3,8,5,3,7,4,8,1,10,10,10,5,3,2,1,7,3,7,9,8,0,10,4,4,2,11,6,1,11,3,11,0,8,8,10,5,3,9
AWCL,14,12,11,15,12,10,11,13,16,15,15,16,8,16,14,15,7,16,14,8,4,6,5,0,15,14,2,11,2,15,17,11,0,13,15,6,10,10,10,14,10,16,6,13,4,9,7,10,0,14,13,9,17,11,15,2,4,10,15,13,4,9,4,8,11,3,11,13,6,1,2,11,6,16,6,15,15,15,3,15,14,2,3,5,5,11,10,2,11,3,13,2,14,15,14,8,7,2,4,13,3,11,13,13,3,15,6,6,3,17,7,1,15,4,16,2,11,14,15,5,5,13
URXL,13,11,9,13,11,9,10,11,13,14,14,14,6,14,13,14,7,15,13,8,4,5,4,0,14,12,3,10,3,14,15,10,0,11,12,3,9,9,11,12,10,15,6,13,4,9,5,9,14,0,11,9,15,10,13,2,3,10,13,14,3,7,2,8,10,1,10,12,4,1,2,10,6,14,6,13,14,13,1,13,12,2,3,5,5,11,9,3,8,4,13,2,12,13,12,6,5,2,4,12,3,9,11,11,3,14,4,5,4,15,6,1,13,3,14,2,11,12,14,5,4,11
ASEL,12,11,10,14,10,9,11,9,12,12,13,13,8,13,11,12,6,13,12,7,3,6,5,0,13,12,2,11,2,13,14,10,0,10,11,5,9,8,9,12,8,13,5,10,5,9,6,9,13,11,0,8,14,10,13,1,4,9,13,10,3,8,4,6,9,3,9,11,6,0,1,11,5,13,6,13,12,14,3,13,11,2,2,3,5,11,7,2,9,3,11,1,14,13,13,9,7,3,2,10,3,10,11,11,2,13,6,6,4,14,7,2,13,4,14,2,10,11,13,6,4,11
AWBR,8,7,4,9,7,3,7,7,9,9,8,9,6,10,8,8,6,9,8,5,4,1,4,0,9,8,1,7,1,9,10,7,0,7,8,4,5,7,8,9,8,9,4,7,3,5,6,8,9,9,8,0,10,7,8,2,3,8,9,8,3,7,3,4,6,2,6,10,3,1,1,6,3,9,3,8,10,8,1,9,7,0,3,3,4,7,5,2,7,2,8,0,9,9,8,6,4,1,2,7,2,6,8,8,0,9,3,3,3,10,5,1,10,4,10,1,7,8,9,4,1,6
AWBL,15,13,12,16,13,11,12,13,16,16,16,17,9,17,15,16,8,17,15,9,4,7,5,0,16,15,3,12,3,16,18,12,0,14,15,6,11,10,11,15,11,17,7,14,5,10,7,11,17,15,14,10,0,12,16,2,4,11,16,14,4,10,4,8,12,3,12,14,6,1,2,12,7,17,7,16,16,16,3,16,14,2,3,5,6,12,10,3,11,4,14,2,15,16,15,9,7,3,4,14,4,12,14,14,3,16,6,7,4,18,8,2,16,4,17,2,12,15,16,6,5,14
AVDR,11,9,8,11,9,7,8,7,10,11,11,12,7,12,10,12,6,12,9,5,2,4,4,0,11,10,2,8,2,12,12,10,0,10,11,4,8,5,8,9,7,12,4,10,4,7,5,7,11,10,10,7,12,0,11,2,2,7,10,9,2,8,2,4,9,1,7,11,2,0,2,8,6,11,6,10,10,11,2,11,8,1,3,3,5,8,6,1,8,2,10,0,11,11,10,8,6,3,3,10,3,8,10,10,2,10,4,3,3,12,5,2,12,2,11,1,7,11,12,4,2,8
AVDL,13,12,12,14,11,11,11,11,14,14,14,15,7,15,13,14,6,15,14,7,3,7,4,0,14,13,3,12,3,14,16,11,0,12,13,5,9,9,10,13,9,15,6,12,4,10,5,9,15,13,13,8,16,11,0,2,4,10,14,12,2,9,4,6,11,3,10,12,6,0,2,12,7,15,7,15,14,15,3,14,12,2,3,5,5,11,9,2,9,3,12,2,14,14,13,8,7,3,4,13,3,11,12,12,3,14,5,6,3,16,6,2,14,4,15,2,11,14,14,6,5,12
AVBR,1,1,0,1,1,0,1,1,2,2,1,2,0,2,2,2,1,2,1,0,1,0,1,0,2,1,0,1,0,2,2,1,0,1,2,0,1,2,2,2,1,2,0,2,0,1,1,2,2,2,1,2,2,2,2,0,1,1,1,2,0,1,1,0,1,0,1,2,1,0,0,1,1,2,1,1,2,1,0,1,1,0,2,2,0,1,1,0,1,0,1,0,2,1,1,0,1,0,1,2,0,1,2,1,0,1,0,0,0,2,0,0,2,0,2,0,1,2,2,0,0,1
SAAVR,2,4,2,4,3,1,4,3,4,3,3,4,2,4,3,3,3,3,4,2,2,1,3,0,3,4,0,4,0,3,4,2,0,4,3,2,2,4,2,3,2,3,0,3,2,3,3,3,4,3,4,3,4,2,4,1,0,2,4,3,0,3,2,1,3,1,2,3,3,0,0,4,2,3,3,4,4,4,0,4,4,1,2,3,1,3,3,1,3,1,2,1,4,4,3,2,3,0,1,2,0,3,3,3,0,4,3,2,1,4,1,0,4,1,4,1,4,3,3,1,0,3
SAAVL,9,7,7,9,6,6,7,8,9,10,9,10,5,10,9,9,4,10,9,5,2,3,3,0,10,8,2,8,2,9,11,7,0,7,9,3,5,7,8,9,8,10,4,8,3,6,4,6,10,10,9,8,11,7,10,1,2,0,10,9,2,5,2,4,8,2,7,9,3,0,1,7,3,10,3,9,10,10,1,9,8,0,2,3,4,7,4,1,6,1,9,1,10,9,8,7,4,1,2,8,1,6,9,8,2,10,3,5,4,11,6,1,9,4,11,2,7,9,9,5,3,7
RICL,14,12,11,15,12,10,11,11,14,15,15,15,8,15,14,14,7,15,14,8,4,6,4,0,14,14,3,11,3,14,16,11,0,14,13,6,10,9,9,13,11,15,6,12,5,9,7,9,15,13,13,9,16,10,14,1,4,10,0,12,4,10,4,7,10,3,11,12,6,1,2,11,5,15,7,15,14,15,3,15,13,1,2,4,6,11,9,3,10,3,13,2,13,15,14,9,6,2,4,12,3,11,12,13,3,15,5,7,4,16,8,2,14,4,15,2,11,13,14,5,4,13
AVER,12,10,8,12,11,9,9,10,12,13,13,13,6,13,13,13,7,14,12,8,4,5,4,0,13,12,3,9,3,13,14,9,0,11,11,3,9,9,10,11,9,14,6,13,4,8,4,8,13,14,10,8,14,9,12,2,3,9,12,0,3,6,2,7,9,1,10,11,4,1,1,9,6,13,6,12,13,12,1,12,11,2,3,5,5,10,9,3,7,4,12,2,11,12,11,5,5,2,4,12,3,9,10,10,3,13,4,5,4,14,5,1,12,2,13,2,10,11,13,4,4,11
AVBL,4,2,1,4,4,2,2,4,4,4,4,3,3,4,4,3,2,4,2,3,2,1,1,0,4,4,0,1,0,4,4,3,0,3,3,2,3,2,2,4,3,4,3,3,2,1,2,3,4,3,3,3,4,2,2,0,0,2,4,3,0,2,2,3,1,2,3,4,1,1,0,1,1,4,1,3,3,3,2,4,3,0,0,0,3,2,3,1,3,1,3,0,3,4,4,2,1,1,0,3,2,3,3,3,0,3,2,2,1,4,2,1,4,1,4,0,2,2,4,1,1,4
RICR,9,9,7,10,8,5,8,6,9,9,9,10,7,10,8,9,6,9,9,4,3,3,3,0,8,9,2,7,2,9,10,8,0,10,9,6,6,5,6,8,7,9,4,7,3,5,6,6,9,7,8,7,10,8,9,1,3,5,10,6,2,0,3,3,6,2,6,9,3,1,2,7,4,9,5,10,9,9,2,10,7,0,2,2,4,7,6,2,8,2,8,0,8,10,9,7,5,2,3,8,3,8,8,10,1,9,3,3,2,10,5,2,10,3,9,1,7,10,9,3,1,7
SAADR,3,3,2,4,3,2,3,3,4,3,3,3,2,4,3,2,2,3,3,1,2,1,2,0,3,4,0,3,0,3,4,3,0,3,3,2,2,3,2,4,3,3,2,2,1,2,2,3,4,2,4,3,4,2,4,1,2,2,4,2,2,3,0,1,1,3,3,4,3,0,0,3,1,4,2,4,3,4,2,4,3,0,1,1,2,2,3,0,3,0,2,0,4,4,4,2,3,1,1,3,1,4,3,3,0,3,2,2,0,4,1,1,4,2,4,0,3,3,3,2,1,4
RIAR,7,6,5,8,6,5,5,8,8,7,8,7,3,7,6,7,4,8,7,5,2,3,2,0,7,6,2,4,2,8,8,5,0,5,6,1,4,4,5,7,5,8,3,6,2,4,3,6,8,8,6,4,8,4,6,0,1,4,7,7,3,3,1,0,5,1,6,6,3,1,2,6,3,8,2,7,8,7,1,7,8,2,0,1,3,6,5,2,4,3,7,1,6,7,8,2,1,1,1,5,2,5,5,6,2,8,3,3,2,8,4,0,7,2,7,1,7,5,8,3,3,7
RIAL,9,8,9,10,8,7,7,9,10,10,10,12,6,12,9,11,6,11,10,7,1,5,4,0,10,10,2,9,2,10,12,8,0,10,10,3,7,5,6,9,7,11,3,9,4,8,5,8,11,10,9,6,12,9,11,1,3,8,10,9,1,6,1,5,0,1,8,9,3,0,2,9,6,11,5,10,11,11,1,11,10,2,2,4,4,7,5,2,7,3,9,2,10,11,9,7,4,2,2,8,2,7,10,9,2,11,5,5,3,12,6,1,11,2,11,1,8,10,10,5,3,9
SAADL,2,2,2,3,2,2,2,3,3,2,2,2,2,3,2,1,1,2,2,1,1,1,1,0,2,3,0,2,0,2,3,2,0,2,2,2,1,2,1,3,2,2,2,1,1,1,1,2,3,1,3,2,3,1,3,0,1,2,3,1,2,2,3,1,1,0,2,3,2,0,0,2,1,3,1,3,2,3,2,3,2,0,0,0,2,1,2,0,2,0,1,0,3,3,3,2,2,1,0,2,1,3,2,2,0,2,2,2,0,3,1,1,3,2,3,0,2,2,2,2,1,3
AVEL,11,8,8,11,9,8,7,8,10,10,11,11,6,11,10,10,7,11,11,7,3,5,4,0,10,11,3,8,3,10,12,8,0,10,10,3,8,6,7,10,9,11,5,9,2,7,5,8,11,10,9,6,12,7,10,1,2,7,11,10,3,6,3,6,8,2,0,9,5,1,1,9,3,12,4,11,11,11,2,11,11,1,1,2,4,8,6,2,7,3,11,1,9,11,11,5,4,2,3,10,3,10,10,10,3,12,3,5,3,12,7,1,10,2,11,1,9,10,10,5,5,12
AVJR,12,11,8,13,10,7,10,10,12,12,12,13,8,14,11,12,8,13,11,6,4,3,5,0,12,12,2,9,2,13,14,10,0,11,12,5,8,8,10,11,10,13,6,11,4,7,6,9,13,12,11,10,14,11,12,2,3,9,12,11,4,9,4,6,9,3,9,0,3,1,2,9,6,13,6,12,12,12,2,13,10,1,3,3,6,9,8,2,9,3,11,0,12,13,12,8,7,3,3,11,4,10,11,11,2,12,5,4,3,14,6,2,14,4,13,1,10,12,13,6,2,10
RMGL,4,4,4,6,4,4,4,4,6,5,5,5,2,5,5,4,2,5,6,3,2,3,2,0,5,5,1,5,1,5,6,3,0,4,4,2,3,5,3,6,3,5,1,3,1,4,3,5,6,4,6,3,6,2,6,1,3,3,6,4,1,3,3,3,3,2,5,3,0,0,0,6,1,6,2,6,6,6,2,5,6,1,1,2,1,5,3,1,3,1,4,1,6,5,6,2,2,0,1,4,0,5,4,4,1,6,2,3,1,6,3,0,5,2,6,1,5,4,5,2,3,6
ADAR,1,1,0,1,1,0,1,1,1,1,1,1,1,1,1,1,1,1,1,1,1,0,0,0,1,1,0,0,0,1,1,0,0,1,1,1,1,1,1,1,1,1,1,1,0,0,1,1,1,1,0,1,1,0,0,0,0,0,1,1,1,1,0,1,0,0,1,1,0,0,0,0,0,1,0,1,1,0,0,1,1,0,0,0,0,1,1,1,1,1,1,0,0,1,1,0,0,0,0,1,1,1,1,1,0,1,0,0,0,1,1,0,1,0,1,0,1,1,1,0,0,1
ALA,2,2,2,2,1,1,1,2,2,2,2,2,0,2,1,2,1,2,2,0,0,0,0,0,1,1,1,1,1,2,2,2,0,2,2,0,0,0,1,1,2,2,0,1,0,1,1,1,2,2,1,1,2,2,2,0,0,1,2,1,0,2,0,2,2,0,1,2,0,0,0,2,1,2,1,2,2,2,0,2,2,0,0,0,1,1,1,0,1,0,2,0,1,2,2,1,0,0,1,1,0,1,1,2,1,2,0,0,0,2,1,0,2,1,1,0,2,2,2,1,0,1
ADAL,10,10,9,12,8,8,9,8,10,10,11,11,5,11,9,10,6,11,12,6,3,5,4,0,10,10,3,10,3,11,12,8,0,9,9,3,6,7,8,9,7,11,3,8,3,9,5,8,11,10,11,6,12,8,12,1,4,7,11,9,1,7,3,6,9,2,9,9,6,0,2,0,5,11,6,12,11,12,2,11,11,2,2,3,4,10,6,2,6,3,10,1,11,11,11,6,5,2,2,9,2,10,9,9,3,12,4,4,3,12,6,1,11,3,11,2,11,10,11,6,4,10
RIMR,5,6,5,6,6,5,5,6,6,6,6,7,4,7,6,7,4,7,5,4,1,4,2,0,6,6,2,4,2,7,7,5,0,6,5,2,4,3,4,5,2,7,3,7,4,4,1,4,6,6,5,3,7,6,7,1,2,3,5,6,1,4,1,3,6,1,3,6,1,0,1,5,0,6,5,6,6,6,1,6,4,2,2,3,4,4,5,2,3,3,4,1,6,6,5,3,3,3,1,6,3,5,5,5,1,5,4,3,2,7,1,2,7,0,6,1,5,6,7,2,1,5
AVJL,14,12,12,15,12,11,11,12,15,15,15,16,8,16,14,15,7,16,14,8,3,7,4,0,15,14,3,11,3,15,17,11,0,13,14,5,11,9,10,15,11,16,7,13,4,9,6,11,16,14,13,9,17,11,15,2,3,10,15,13,4,9,4,8,11,3,12,13,6,1,2,11,6,0,6,15,15,15,3,15,13,2,2,4,5,11,9,3,10,4,13,2,14,15,15,8,6,3,4,13,4,11,13,13,3,15,5,7,3,17,8,2,15,4,16,1,11,14,15,6,5,14
RIML,6,7,5,7,6,5,6,4,5,7,7,7,3,7,7,7,4,7,6,3,2,3,2,0,6,7,2,5,2,7,7,5,0,8,5,2,5,4,4,4,4,7,2,7,4,5,2,3,6,6,6,3,7,6,7,1,3,3,7,6,1,5,2,2,5,1,4,6,2,0,1,6,5,6,0,7,5,7,1,7,5,1,2,3,4,5,5,2,3,2,5,1,6,7,6,4,4,2,2,6,2,6,5,5,2,6,3,3,2,7,2,2,7,0,6,1,6,6,7,2,0,6
AIBL,14,13,12,15,12,11,12,11,14,14,15,15,8,15,13,14,7,15,15,8,4,7,4,0,14,14,3,12,3,14,16,11,0,13,13,6,10,9,10,13,10,15,7,12,4,10,6,9,15,13,13,8,16,10,15,1,4,9,15,12,3,10,4,7,10,3,11,12,6,1,2,12,6,15,7,0,14,15,3,15,13,2,2,4,5,12,10,3,10,4,13,2,13,15,14,8,7,3,4,13,4,12,12,13,3,15,5,6,3,16,7,2,14,4,15,2,12,14,14,6,5,13
AVAL,13,11,10,14,12,9,10,12,15,14,14,15,8,15,13,14,8,15,14,9,4,6,5,0,14,13,3,11,3,14,16,11,0,12,13,5,9,9,10,14,10,15,6,12,4,9,7,11,15,14,12,10,16,10,14,2,4,10,14,13,3,9,3,8,11,2,11,12,6,1,2,11,6,15,5,14,0,14,2,14,13,2,3,5,5,11,9,3,10,4,13,2,13,14,13,7,5,2,4,12,3,10,12,13,2,15,5,6,4,16,7,1,14,4,15,2,11,13,14,5,5,12
AUAL,14,12,12,15,12,11,11,11,14,14,15,15,8,15,13,14,7,15,14,8,3,7,5,0,14,14,3,12,3,14,16,12,0,13,13,5,10,8,9,13,10,15,6,12,5,10,6,9,15,13,14,8,16,11,15,1,4,10,15,12,3,9,4,7,11,3,11,12,6,0,2,12,6,15,7,15,14,0,3,15,13,2,2,4,6,11,9,2,10,3,13,2,14,15,14,9,7,3,4,12,3,11,12,13,3,15,6,7,4,16,7,2,14,4,15,2,11,13,14,6,5,13
RIS,3,1,2,3,3,3,1,2,3,3,3,2,2,3,3,2,0,3,2,2,1,2,0,0,3,3,0,2,0,3,3,3,0,2,2,2,2,1,1,3,1,3,2,1,1,2,1,2,3,1,3,1,3,2,3,0,0,1,3,1,2,2,2,1,1,2,2,2,2,0,0,2,1,3,1,3,2,3,0,3,2,0,0,0,2,2,2,0,2,0,2,0,3,3,3,2,1,1,0,3,1,3,2,2,0,2,1,1,0,3,1,1,3,1,3,0,1,2,3,1,2,3
AIBR,14,12,11,15,13,10,11,11,14,14,15,15,9,16,13,14,8,15,14,9,4,6,5,0,14,15,2,12,2,14,16,12,0,14,13,6,11,8,9,13,11,15,7,12,5,10,7,10,15,13,13,9,16,11,14,1,4,9,15,12,4,10,4,7,11,3,11,13,5,1,2,11,6,15,7,15,14,15,3,0,13,2,2,4,6,11,10,3,11,4,13,2,13,16,14,9,7,3,4,12,4,11,12,13,2,15,6,6,3,16,7,2,15,4,15,1,11,13,14,6,4,13
AVAR,12,10,9,13,10,8,9,11,13,12,13,13,6,13,11,12,7,13,13,8,4,5,5,0,12,12,2,10,2,12,14,9,0,11,12,4,8,8,8,11,9,13,4,10,3,9,7,9,14,12,11,7,14,8,12,1,4,8,13,11,3,7,3,8,10,2,11,10,6,1,2,11,4,13,5,13,13,13,2,13,0,2,2,4,4,10,8,2,9,3,12,2,11,13,12,6,5,1,3,10,2,10,11,11,3,14,5,5,3,14,7,0,12,3,13,2,11,11,12,5,5,12
AVKR,1,2,2,2,2,2,2,2,2,1,2,2,1,2,1,2,1,2,2,2,0,2,1,0,2,2,0,2,0,2,2,1,0,1,1,0,2,1,1,2,0,2,1,2,1,2,0,2,2,2,2,0,2,1,2,0,1,0,1,2,0,0,0,2,2,0,1,1,1,0,0,2,2,2,1,2,2,2,0,2,2,0,0,1,0,2,2,1,1,2,1,1,2,2,2,0,1,1,0,1,1,1,1,1,0,2,2,1,0,2,0,0,2,0,2,0,2,1,2,1,1,2
RIBR,2,2,0,2,2,0,2,2,3,3,2,3,1,3,3,3,2,3,2,1,2,0,2,0,3,2,0,2,0,3,3,2,0,2,3,1,1,3,3,2,1,3,0,3,1,2,2,2,3,3,2,3,3,3,3,2,2,2,2,3,0,2,1,0,2,0,1,3,1,0,0,2,2,2,2,2,3,2,0,2,2,0,0,3,1,2,2,0,2,0,2,0,3,2,1,1,2,0,1,3,0,2,3,2,0,2,1,0,1,3,0,0,3,0,3,1,2,3,3,0,0,1
AVL,3,3,2,3,4,2,3,4,5,5,4,5,1,5,5,5,2,5,4,3,2,2,2,0,5,4,0,4,0,4,5,3,0,4,4,1,3,4,3,4,2,5,1,5,2,4,2,3,5,5,3,3,5,3,5,2,3,3,4,5,0,2,1,1,4,0,2,3,2,0,0,3,3,4,3,4,5,4,0,4,4,1,3,0,1,3,4,1,3,1,3,2,4,4,2,1,2,0,2,4,0,2,4,3,0,4,2,2,1,5,0,0,4,0,5,1,3,4,4,0,1,3
AVHL,6,4,3,6,6,4,3,5,5,6,6,5,4,6,6,5,4,6,4,4,2,2,2,0,5,6,2,3,2,6,6,6,0,6,4,2,3,2,3,4,4,6,3,5,4,3,2,3,5,5,5,4,6,5,5,0,1,4,6,5,3,4,2,3,4,2,4,6,1,0,1,4,4,5,4,5,5,6,2,6,4,0,1,1,0,3,4,1,3,1,5,0,5,6,5,4,2,2,1,5,2,5,4,5,1,5,3,3,3,6,2,2,6,1,5,1,4,4,6,2,1,5
AINL,11,10,8,12,9,8,10,7,10,11,12,11,6,11,10,11,5,12,12,7,4,5,3,0,12,10,2,10,2,12,12,8,0,8,9,4,8,8,10,10,7,12,5,9,3,9,5,8,11,11,11,7,12,8,11,1,3,7,11,10,2,7,2,6,7,1,8,9,5,1,1,10,4,11,5,12,11,11,2,11,10,2,2,3,3,0,7,3,7,4,11,1,11,11,11,6,5,2,2,10,3,9,9,9,2,12,3,3,3,12,6,1,11,3,12,2,10,10,12,5,4,9
RIBL,9,8,6,9,10,7,7,8,10,9,10,9,5,10,9,9,5,10,9,6,4,4,3,0,9,10,1,7,1,9,10,8,0,9,8,4,7,6,6,8,6,10,6,9,3,6,3,5,10,9,7,5,10,6,9,1,3,4,9,9,3,6,3,5,5,2,6,8,3,1,1,6,5,9,5,10,9,9,2,10,8,2,2,4,4,7,0,2,7,3,8,2,7,10,8,3,5,2,4,9,3,7,6,8,1,9,4,3,1,10,1,1,9,2,9,1,7,8,9,2,3,8
AIML,2,3,2,3,3,2,3,2,2,3,3,3,2,3,3,3,2,3,3,3,1,2,0,0,3,3,1,2,1,3,3,1,0,3,1,1,3,2,2,3,2,3,2,3,2,2,1,3,2,3,2,2,3,1,2,0,1,1,3,3,1,2,0,2,2,0,2,2,1,1,0,2,2,3,2,3,3,2,0,3,2,1,0,1,1,3,2,0,1,3,2,1,2,3,3,1,0,1,0,2,2,2,2,2,0,3,1,2,1,3,2,1,3,0,3,0,3,2,3,1,0,3
AINR,10,8,7,10,9,5,8,8,11,9,10,11,8,11,8,10,6,10,9,6,3,4,5,0,10,10,0,8,0,9,11,9,0,9,11,6,8,5,6,10,7,10,5,8,3,6,7,7,11,8,9,7,11,8,9,1,3,6,10,7,3,8,3,4,7,2,7,9,3,1,1,6,3,10,3,10,10,10,2,11,9,1,2,3,3,7,7,1,0,2,9,1,9,11,9,7,6,2,3,8,3,7,10,11,0,10,5,4,2,11,5,1,10,3,11,1,6,10,9,3,3,8
AIMR,3,4,3,4,4,3,4,3,3,3,4,4,3,4,3,4,3,4,4,4,1,3,1,0,4,4,1,3,1,4,4,2,0,3,2,1,4,2,3,4,2,4,3,4,2,3,1,4,3,4,3,2,4,2,3,0,1,1,3,4,1,2,0,3,3,0,3,3,1,1,0,3,3,4,2,4,4,3,0,4,3,2,0,1,1,4,3,3,2,0,3,1,3,4,4,1,1,2,0,3,3,3,3,3,0,4,2,2,1,4,2,1,4,0,4,0,4,3,4,2,1,4
RID,14,10,9,13,11,9,9,9,12,13,14,13,7,13,12,13,7,14,13,8,4,5,4,0,13,12,3,10,3,13,14,11,0,11,12,4,9,7,10,11,10,14,6,11,3,9,6,8,13,13,11,8,14,10,12,1,2,9,13,12,3,8,2,7,9,1,11,11,4,1,2,10,4,13,5,13,13,13,2,13,12,1,2,3,5,11,8,2,9,3,0,1,11,13,12,7,5,2,4,12,3,10,11,12,3,14,3,4,4,14,7,1,12,3,13,2,10,12,13,5,5,11
AVKL,1,1,2,1,2,2,1,2,2,2,2,2,0,2,2,2,0,2,2,2,0,2,0,0,2,2,0,2,0,1,2,1,0,2,1,0,2,1,0,2,1,2,1,2,1,2,0,1,2,2,1,0,2,0,2,0,1,1,2,2,0,0,0,1,2,0,1,0,1,0,0,1,1,2,1,2,2,2,0,2,2,1,0,2,0,1,2,1,1,1,1,0,1,2,1,0,0,0,1,1,0,0,1,1,0,2,1,2,0,2,0,0,1,0,2,0,1,1,1,0,1,2
URBL,12,11,10,14,10,9,11,10,13,13,13,14,8,14,12,13,6,14,12,7,3,6,5,0,14,12,2,11,2,14,15,10,0,10,12,5,9,9,10,13,8,14,5,11,5,9,6,10,14,12,14,9,15,11,14,2,4,10,13,11,3,8,4,6,10,3,9,12,6,0,1,11,6,14,6,13,13,14,3,13,11,2,3,4,5,11,7,2,9,3,11,1,0,13,13,9,7,3,2,11,3,10,12,11,2,13,6,6,4,15,7,2,14,4,15,2,10,12,14,6,4,11
AIZR,14,12,11,15,13,10,11,11,14,14,15,15,9,16,13,14,8,15,14,9,4,6,5,0,14,15,2,12,2,14,16,12,0,14,13,6,11,8,9,13,11,15,7,12,5,10,7,10,15,13,13,9,16,11,14,1,4,9,15,12,4,10,4,7,11,3,11,13,5,1,2,11,6,15,7,15,14,15,3,16,13,2,2,4,6,11,10,3,11,4,13,2,13,0,14,9,7,3,4,12,4,11,12,13,2,15,6,6,3,16,7,2,15,4,15,1,11,13,14,6,4,13
AIZL,13,12,11,15,11,10,11,10,13,13,14,14,8,14,12,13,7,14,13,7,3,6,4,0,13,13,3,10,3,14,15,10,0,12,12,5,10,8,9,13,10,14,6,11,4,8,6,10,14,12,13,8,15,10,13,1,3,8,14,11,4,9,4,8,9,3,11,12,6,1,2,11,5,15,6,14,13,14,3,14,12,2,1,2,5,11,8,3,9,4,12,1,13,14,0,8,6,3,3,11,4,11,11,12,3,14,5,6,3,15,8,2,14,4,14,1,11,12,14,6,4,13
URBR,8,7,7,9,6,5,7,5,7,8,8,9,7,9,7,8,4,8,7,4,1,3,3,0,8,8,1,7,1,8,9,7,0,8,8,5,6,4,5,7,6,8,3,6,4,5,5,5,8,6,9,6,9,8,8,0,2,7,9,5,2,7,2,2,7,2,5,8,2,0,1,6,3,8,4,8,7,9,2,9,6,0,1,1,4,6,3,1,7,1,7,0,9,9,8,0,5,2,1,6,2,6,8,8,1,8,4,4,3,9,6,2,9,3,9,1,5,8,8,4,1,6
AUAR,6,7,5,7,5,4,7,4,6,5,6,7,5,7,5,6,4,6,6,2,2,2,4,0,6,7,0,6,0,6,7,5,0,6,7,4,5,5,5,5,4,6,3,6,2,4,3,3,7,5,7,4,7,6,7,1,3,4,6,5,1,5,3,1,4,2,4,7,2,0,0,5,3,6,4,7,5,7,1,7,5,1,2,2,2,5,5,0,6,1,5,0,7,7,6,5,0,2,2,6,2,6,6,6,1,6,4,2,1,7,2,1,7,2,7,1,5,7,6,3,1,5
AIYL,3,3,3,3,3,3,3,2,2,2,3,3,3,3,2,3,2,3,2,2,0,3,1,0,3,3,1,2,1,3,3,3,0,2,2,1,3,0,2,3,1,3,3,3,2,2,0,2,2,2,3,1,3,3,3,0,0,1,2,2,1,2,1,1,2,1,2,3,0,0,0,2,3,3,2,3,2,3,1,3,1,1,0,0,2,2,2,1,2,2,2,0,3,3,3,2,2,0,0,3,3,3,3,3,0,2,2,2,1,3,1,2,3,0,3,0,2,3,3,2,1,3
RIR,4,3,3,3,4,3,2,2,4,4,4,4,1,4,4,4,2,4,4,1,1,1,1,0,3,4,1,3,1,3,4,4,0,5,4,1,3,2,2,3,4,4,2,4,0,2,1,1,4,4,2,2,4,3,4,1,1,2,4,4,0,3,1,1,2,0,3,3,1,0,1,2,1,4,2,4,4,4,0,4,3,0,1,2,1,2,4,0,3,0,4,1,2,4,3,1,2,0,0,4,0,2,2,4,1,4,0,1,0,4,0,0,3,1,3,0,2,4,3,0,1,3
RIH,13,10,9,12,11,10,9,9,12,13,13,13,7,13,13,13,6,14,12,7,4,6,3,0,13,12,3,9,3,13,14,10,0,11,12,5,9,8,10,11,8,14,7,12,3,8,4,7,13,12,10,7,14,10,13,2,2,8,12,12,3,8,3,5,8,2,10,11,4,1,1,9,6,13,6,13,12,12,3,12,10,1,3,4,5,10,9,2,8,3,12,1,11,12,11,6,6,3,4,0,4,11,11,11,3,12,3,4,3,14,5,2,12,2,13,2,9,13,13,4,5,11
AIYR,4,4,3,4,4,3,4,3,3,3,4,4,4,4,3,4,3,4,3,3,1,3,1,0,4,4,1,2,1,4,4,3,0,3,3,2,4,1,3,4,2,4,4,4,2,2,1,3,3,3,3,2,4,3,3,0,0,1,3,3,2,3,1,2,2,1,3,4,0,1,0,2,3,4,2,4,3,3,1,4,2,1,0,0,2,3,3,2,3,3,3,0,3,4,4,2,2,3,0,4,0,4,4,4,0,3,2,2,1,4,2,2,4,0,4,0,3,4,4,2,1,4
RMDDR,11,10,8,12,9,8,9,8,10,10,11,11,7,11,10,10,7,11,11,6,4,5,4,0,10,11,3,8,3,11,12,8,0,10,10,5,7,7,8,9,7,11,5,9,3,7,5,7,11,9,10,6,12,8,11,1,3,6,11,9,3,8,4,5,7,3,10,10,5,1,1,10,5,11,6,12,10,11,3,11,10,1,2,2,5,9,7,2,7,3,10,0,10,11,11,6,6,3,2,11,4,0,10,10,3,11,4,4,3,12,6,2,11,2,11,2,10,11,11,5,4,11
RMDVR,12,10,9,12,9,7,10,10,12,12,12,14,8,13,11,13,7,13,11,7,3,6,5,0,13,11,2,9,2,12,14,9,0,10,13,5,9,7,9,12,8,13,5,11,4,8,7,9,13,11,11,8,14,10,12,2,3,9,12,10,3,8,3,5,10,2,10,11,4,1,1,9,5,13,5,12,12,12,2,12,11,1,3,4,4,9,6,2,10,3,11,1,12,12,11,8,6,3,2,11,4,10,0,12,2,12,5,6,4,14,8,2,12,2,14,2,9,13,12,5,4,11
RMDVL,13,11,10,13,11,8,10,10,13,12,13,14,9,13,11,13,8,13,12,7,3,6,5,0,12,12,3,9,3,12,14,11,0,12,13,6,9,6,8,12,9,13,6,11,4,7,7,8,13,11,11,8,14,10,12,1,3,8,13,10,3,10,3,6,9,2,10,11,4,1,2,9,5,13,5,13,13,13,2,13,11,1,2,3,5,9,8,2,11,3,12,1,11,13,12,8,6,3,4,11,4,10,12,0,2,13,5,6,4,14,7,2,12,3,13,2,9,13,12,4,4,11
RMED,3,3,3,3,1,3,2,2,2,3,3,3,0,2,3,3,1,3,3,0,0,1,0,0,2,2,2,1,2,3,3,1,0,3,3,0,1,2,2,1,2,3,0,3,0,1,0,0,3,3,2,0,3,2,3,0,0,2,3,3,0,1,0,2,2,0,3,2,1,0,1,3,1,3,2,3,2,3,0,2,3,0,0,0,1,2,1,0,0,0,3,0,2,2,3,1,1,0,1,3,0,3,2,2,0,3,0,1,1,3,2,0,2,0,2,1,3,3,3,1,1,3
RMDDL,14,12,11,15,12,10,11,11,14,14,15,15,8,15,13,14,8,15,15,9,4,6,5,0,14,14,3,12,3,14,16,11,0,13,13,5,10,9,10,13,11,15,6,12,4,10,7,10,15,14,13,9,16,10,14,1,4,10,15,13,3,9,3,8,11,2,12,12,6,1,2,12,5,15,6,15,15,15,2,15,14,2,2,4,5,12,9,3,10,4,14,2,13,15,14,8,6,2,4,12,3,11,12,13,3,0,5,6,4,16,8,1,14,4,15,2,12,13,14,6,5,13
RMEV,4,5,4,6,5,3,5,6,6,4,5,6,5,6,4,5,4,5,4,4,1,3,4,0,5,6,0,4,0,5,6,4,0,5,5,3,4,3,2,5,2,5,2,5,4,3,3,4,6,4,6,3,6,4,5,0,3,3,5,4,2,3,2,3,5,2,3,5,2,0,0,4,4,5,3,5,5,6,1,6,5,2,1,2,3,3,4,1,5,2,3,1,6,6,5,4,4,2,0,3,2,4,5,5,0,5,0,4,2,6,2,1,6,1,6,1,4,4,5,2,1,5
URAVL,5,5,6,6,5,5,5,6,6,6,6,7,4,6,6,6,3,6,5,4,0,5,2,0,6,6,2,4,2,5,7,4,0,6,5,2,5,3,2,7,4,6,3,6,4,3,2,4,6,5,6,3,7,3,6,0,2,5,7,5,2,3,2,3,5,2,5,4,3,0,0,4,3,7,3,6,6,7,1,6,5,1,0,2,3,3,3,2,4,2,4,2,6,6,6,4,2,2,1,4,2,4,6,6,1,6,4,0,3,7,4,2,5,1,7,1,4,5,5,2,2,7
URADR,4,3,2,4,3,2,3,3,3,4,4,4,3,3,4,4,3,4,3,3,1,2,2,0,4,3,2,2,2,4,4,3,0,3,3,1,2,2,3,3,2,4,1,4,3,2,2,2,3,4,4,3,4,3,3,0,1,4,4,4,1,2,0,2,3,0,3,3,1,0,0,3,2,3,2,3,4,4,0,3,3,0,1,1,3,3,1,1,2,1,4,0,4,3,3,3,1,1,0,3,1,3,4,4,1,4,2,3,0,4,3,1,3,0,4,2,3,3,4,1,1,3
RIVL,15,13,12,16,13,11,12,13,16,16,16,17,9,17,15,16,8,17,15,9,4,7,5,0,16,15,3,12,3,16,18,12,0,14,15,6,11,10,11,15,11,17,7,14,5,10,7,11,17,15,14,10,18,12,16,2,4,11,16,14,4,10,4,8,12,3,12,14,6,1,2,12,7,17,7,16,16,16,3,16,14,2,3,5,6,12,10,3,11,4,14,2,15,16,15,9,7,3,4,14,4,12,14,14,3,16,6,7,4,0,8,2,16,4,17,2,12,15,16,6,5,14
URADL,7,6,6,8,4,4,6,5,6,7,7,8,5,7,6,7,4,7,7,4,1,3,2,0,7,6,2,5,2,7,8,4,0,6,7,3,5,4,5,7,6,7,2,5,2,4,5,6,7,6,7,5,8,5,6,0,1,6,8,5,2,5,1,4,6,1,7,6,3,1,1,6,1,8,2,7,7,7,1,7,7,0,0,0,2,6,1,2,5,2,7,0,7,7,8,6,2,1,0,5,2,6,8,7,2,8,2,4,3,8,0,1,7,2,8,1,6,7,7,4,2,7
URAVR,2,2,2,2,2,2,2,1,1,2,2,2,2,2,2,2,1,2,1,1,0,2,0,0,2,2,1,1,1,2,2,2,0,2,1,1,2,0,1,2,1,2,2,2,2,1,0,1,1,1,2,1,2,2,2,0,0,1,2,1,1,2,1,0,1,1,1,2,0,0,0,1,2,2,2,2,1,2,1,2,0,0,0,0,2,1,1,1,1,1,1,0,2,2,2,2,1,2,0,2,2,2,2,2,0,1,1,2,1,2,1,0,2,0,2,0,1,2,2,1,0,2
RIVR,13,12,10,15,12,9,11,11,14,14,14,15,9,16,13,14,8,15,13,8,4,5,5,0,14,14,2,11,2,15,16,11,0,13,13,6,10,9,10,13,10,15,6,12,5,9,7,11,15,13,13,10,16,12,14,2,4,9,14,12,4,10,4,7,11,3,10,14,5,1,2,11,7,15,7,14,14,14,3,15,12,2,3,4,6,11,9,3,10,4,12,1,14,15,14,9,7,3,3,12,4,11,12,12,2,14,6,5,3,16,7,2,0,4,15,1,11,13,15,6,3,12
SMDDR,3,3,3,4,2,2,3,3,4,3,3,3,2,4,2,2,1,3,4,1,1,0,1,0,3,3,0,4,0,3,4,3,0,2,3,2,1,3,3,4,4,3,2,1,0,2,2,3,4,3,4,4,4,2,4,0,1,4,4,2,1,3,2,2,2,2,2,4,2,0,1,3,0,4,0,4,4,4,1,4,3,0,0,0,1,3,2,0,3,0,3,0,4,4,4,3,2,0,1,2,0,2,2,3,0,4,1,1,0,4,2,0,4,0,4,0,3,3,3,3,1,2
RMER,14,12,11,15,12,10,12,12,15,15,15,16,9,16,14,15,7,16,14,9,4,7,5,0,16,14,2,12,2,15,17,11,0,12,14,6,11,10,11,15,10,16,7,13,5,10,7,11,16,14,14,10,17,11,15,2,4,11,15,13,4,9,4,7,11,3,11,13,6,1,1,11,6,16,6,15,15,15,3,15,13,2,3,5,5,12,9,3,11,4,13,2,15,15,14,9,7,3,3,13,4,11,14,13,2,15,6,7,4,17,8,2,15,4,0,2,11,14,15,6,5,13
SMBVR,2,2,1,2,1,1,2,2,2,2,2,2,1,1,2,2,1,2,2,1,1,1,1,0,2,1,1,1,1,2,2,1,0,1,2,1,0,2,2,1,0,2,0,2,1,1,1,0,2,2,2,1,2,1,2,0,1,2,2,2,0,1,0,1,1,0,1,1,1,0,0,2,1,1,1,2,2,2,0,1,2,0,1,1,1,2,1,0,1,0,2,0,2,1,1,1,1,0,0,2,0,2,2,2,1,2,1,1,2,2,1,0,1,0,2,0,2,2,2,0,1,1
SMDVR,10,11,8,12,8,7,10,9,10,10,11,11,5,11,9,10,7,11,12,6,4,4,4,0,10,10,3,9,3,11,12,7,0,9,9,3,6,8,9,9,8,11,4,9,3,8,5,8,11,11,10,7,12,7,11,1,4,7,11,10,2,7,3,7,8,2,9,10,5,1,2,11,5,11,6,12,11,11,1,11,11,2,2,3,4,10,7,3,6,4,10,1,10,11,11,5,5,2,2,9,3,10,9,9,3,12,4,4,3,12,6,1,11,3,11,2,0,10,11,6,3,10
RMEL,13,12,11,13,10,9,11,10,13,13,13,15,8,14,12,14,7,14,13,6,3,6,4,0,13,12,3,10,3,13,15,10,0,12,14,6,9,8,10,12,9,14,6,12,3,8,6,8,14,12,11,8,15,11,14,2,3,9,13,11,2,10,3,5,10,2,10,12,4,1,2,10,6,14,6,14,13,13,2,13,11,1,3,4,4,10,8,2,10,3,12,1,12,13,12,8,7,3,4,13,4,11,13,13,3,13,4,5,3,15,7,2,13,3,14,2,10,0,13,5,4,11
SMDVL,14,12,10,15,12,10,11,11,14,15,15,15,8,15,14,15,7,16,13,8,4,6,4,0,15,13,3,10,3,16,16,11,0,12,13,5,10,9,11,13,9,16,6,13,5,9,6,10,15,14,13,9,16,12,14,2,3,9,14,13,4,9,3,8,10,2,10,13,5,1,2,11,7,15,7,14,14,14,3,14,12,2,3,4,6,12,9,3,9,4,13,1,14,14,14,8,6,3,3,13,4,11,12,12,3,14,5,5,4,16,7,2,15,3,15,2,11,13,0,5,4,12
SMDDL,5,5,5,6,3,4,5,4,4,4,5,5,3,6,3,4,3,5,6,3,1,2,2,0,5,5,1,6,1,5,6,4,0,3,4,1,3,3,5,5,5,5,3,3,1,5,2,5,5,5,6,4,6,4,6,0,1,5,5,4,1,3,2,3,5,2,5,6,2,0,1,6,2,6,2,6,5,6,1,6,5,1,0,0,2,5,2,1,3,2,5,0,6,6,6,4,3,2,0,4,2,5,5,4,1,6,2,2,1,6,4,1,6,3,6,0,6,5,5,0,2,5
RMDR,5,2,4,4,4,5,2,4,5,4,5,4,2,4,4,4,1,5,5,4,1,4,1,0,5,4,1,4,1,4,5,4,0,2,4,1,3,2,3,5,2,5,3,3,0,4,1,3,5,4,4,1,5,2,5,0,0,3,4,4,1,1,1,3,3,1,5,2,3,0,0,4,1,5,0,5,5,5,2,4,5,1,0,1,1,4,3,0,3,1,5,1,4,4,4,1,1,1,1,5,1,4,4,4,1,5,1,2,1,5,2,0,3,1,5,1,3,4,4,2,0,5
RMDL,12,10,10,13,11,10,9,10,12,12,13,13,7,13,12,12,7,13,12,8,3,7,4,0,12,13,3,9,3,12,14,9,0,12,11,4,10,7,7,12,9,13,6,11,4,8,5,9,13,11,11,6,14,8,12,1,3,7,13,11,4,7,4,7,9,3,12,10,6,1,1,10,5,14,6,13,12,13,3,13,12,2,1,3,5,9,8,3,8,4,11,2,11,13,13,6,5,3,3,11,4,11,11,11,3,13,5,7,3,14,7,2,12,2,13,1,10,11,12,5,5,0
