,ATL_L,CRE_L,EPA_L,IB_L,LAL_L,VES_L,MB_L,LH_L,AME_L,AOTU_L,AVLP_L,ICL_L,ME_L,PLP_L,PVLP_L,SIP_L,SMP_L,SPS_L,ATL_R,CRE_R,EPA_R,IB_R,LAL_R,VES_R,MB_R,AL_R,LH_R,AOTU_R,AVLP_R,ICL_R,LO_R,ME_R,PLP_R,PVLP_R,WED_R,SIP_R,SLP_R,SMP_R,SPS_R,NO,PB
ATL_L,,0.22630498562480156,0.20229767898260187,0.21211057931921662,0.23064807638686563,0.23614267847301568,0.24014688411910656,0.22940085915995972,0.19836114572873914,0.22079402165895412,0.2458701802352782,0.216187174002477,0.19734881039102176,0.22872874074682473,0.22250408537306518,0.22091638441186986,0.22875812251098981,0.23084172188676386,0.2095590676984065,0.22901716801746516,0.20775205795344243,0.22451042498877644,0.22957802017586276,0.23126450159306824,0.23940946127204285,0.23492874151585505,0.22811713760641075,0.22888281392764503,0.23885303658726942,0.22054000781194957,0.21086119924278254,0.20601132995113983,0.22421745432337653,0.2169200996476513,0.21004711748666946,0.22400113620719334,0.22986114919891637,0.22655668578477503,0.23132669991767224,0.2113341199881181,0.22618685570349154
CRE_L,0.22630498562480156,,0.20915782599972577,0.2283713750407693,0.23353447681208736,0.25675776056185595,0.20249678068299995,0.2675100114731099,0.20305857895482263,0.24050452561647195,0.2776884706277868,0.23687987690506426,0.1985029594002946,0.2595377763694332,0.23943118635726396,0.2264016046066668,0.23299597752686677,0.24208908096841256,0.22949322103936542,0.22819734461005076,0.21025498230358092,0.22963063300678468,0.25215342755166725,0.2588144300541591,0.25104914987649635,0.26934273248560264,0.2496414350267841,0.2405816789876754,0.26653454427085665,0.23614937000790567,0.21063845965437022,0.21589909955739306,0.24471583197553914,0.23655412414335003,0.2215034061495047,0.24584556026051563,0.25582140439857165,0.23987599738800877,0.24870381130058267,0.22124601954810186,0.26309351989984703
EPA_L,0.20229767898260187,0.20915782599972577,,0.20536631677248804,0.21127013862977675,0.21585430948934023,0.21724954854617695,0.21215732926263278,0.19014400906006923,0.20711968635328065,0.21843348271938706,0.2021045559689721,0.19261482843597091,0.21282478931798438,0.2089347066343034,0.20903934475298155,0.2130824235504758,0.20817546799026046,0.20370917295247085,0.2178168004463931,0.20022162181374115,0.2081734626468069,0.2197647903271064,0.2211148390846856,0.22094994720784328,0.21354199205850694,0.21074553687258044,0.20397311482762687,0.21733709648925906,0.20471028572659938,0.19970748151449597,0.19507134430128859,0.20677015326566858,0.20964131349146045,0.2069185791952442,0.21229592296009145,0.20973914944987104,0.20901735438105673,0.20906565847375674,0.2027648215249734,0.21436495849746745
IB_L,0.21211057931921662,0.2283713750407693,0.20536631677248804,,0.23290063729050728,0.23619162242967423,0.24026309775542734,0.2382520336847851,0.19708770777585083,0.22797697359818545,0.25405687320560033,0.22062170906392575,0.19641914267677235,0.23441367488522338,0.22760871853834713,0.22816756932573012,0.23083662647036904,0.2212312167397057,0.21148322036337955,0.22448001689892266,0.20449032459583102,0.21164855032675836,0.23165820852163743,0.23530014032678337,0.24699251927218419,0.23982715897588394,0.2268735869312135,0.2337999350821005,0.24455698180445581,0.22560422464427482,0.2118192500284543,0.20863436187571247,0.22515091979561103,0.21741838905194616,0.21262467648304129,0.2222172320793936,0.2269233841734474,0.2264051352026132,0.22029611897802853,0.21408478083921567,0.24043044397335903
LAL_L,0.23064807638686563,0.23353447681208736,0.21127013862977675,0.23290063729050728,,0.23190959125014446,0.24153140262446157,0.2671889829133053,0.20467628213480368,0.2480541010972473,0.289160035864847,0.23399045535723745,0.1994831647745902,0.25589185578217677,0.2457860751666483,0.24655471916793448,0.25265497014478766,0.23899764888377745,0.23144700244069116,0.25689818944458576,0.2067184441438819,0.23175013611737433,0.2526091732378294,0.2525534069201101,0.27715744894237254,0.2802653394486113,0.25150417410018544,0.2426613248843402,0.2763184203400108,0.23656678564112013,0.21496866491997563,0.2208530724899623,0.24398676472789643,0.23815582149447528,0.2313793291524338,0.2511472387618084,0.2566389310756778,0.25848034675232184,0.24481634140238548,0.2211388640504312,0.2615470199706006
VES_L,0.23614267847301568,0.25675776056185595,0.21585430948934023,0.23619162242967423,0.23190959125014446,,0.2586337237597644,0.26083221400375245,0.19974030555731068,0.2500641106841338,0.2913548292058528,0.24162564046824145,0.2002131451960926,0.25183031757969154,0.25405894904192916,0.25729661099925094,0.272956136501737,0.24459698492052775,0.2360338498620386,0.2676906238645756,0.2134702849133266,0.24147375043092345,0.25998316723047965,0.2439066780088815,0.28610949960841436,0.2790919114896192,0.2642899815697196,0.25382421113541076,0.2811120738264405,0.2514967846053251,0.2151091365689636,0.21957069374593616,0.2576418696606088,0.24034390578962003,0.23572326724176623,0.26352481573731323,0.26533030247516565,0.2698668568782687,0.24852921760202645,0.22602412030357483,0.26694508484635493
MB_L,0.24014688411910656,0.20249678068299995,0.21724954854617695,0.24026309775542734,0.24153140262446157,0.2586337237597644,,0.270215682561521,0.20335842047076524,0.24177282461210522,0.30400809487370334,0.2383206697721124,0.20073829559270032,0.25473688462242183,0.2515806264228061,0.24889099143546023,0.25193307743646776,0.2581659380458645,0.239154969157967,0.25564197712133635,0.2181914785877898,0.24794234014335353,0.26172865244614024,0.2650677478454978,0.2618024269911472,0.28752668519844826,0.2574336004387578,0.2563330835725681,0.2900522757079732,0.24613305700021976,0.21917234985656187,0.21989961770587377,0.25736320265316237,0.2506575782581094,0.22637318568831272,0.2616874747172228,0.26501107509959515,0.26322311449806907,0.2630739753917698,0.23530880585909458,0.2741673195359281
LH_L,0.22940085915995972,0.2675100114731099,0.21215732926263278,0.2382520336847851,0.2671889829133053,0.26083221400375245,0.270215682561521,,0.19727940880611272,0.24213090150346323,0.2759382088997713,0.24373396632228492,0.20614112026648765,0.237420282845967,0.23164192618209506,0.25795372825598734,0.2595693636613522,0.24186263754467086,0.23284721842104972,0.25900685355371794,0.21585565382506675,0.2346254785960573,0.2598041876305894,0.2602757467927846,0.26792294359309626,0.27517569183411716,0.25635884227495764,0.2481491255609504,0.26852479553839126,0.2434747271884156,0.2075597554259332,0.21851941643319414,0.24513444333218168,0.2408482430129594,0.22058158385975823,0.25994207171589834,0.2594455508696208,0.25835495595484187,0.24570557380694039,0.21882904412777976,0.25231129297660776
AME_L,0.19836114572873914,0.20305857895482263,0.19014400906006923,0.19708770777585083,0.20467628213480368,0.19974030555731068,0.20335842047076524,0.19727940880611272,,0.20251446029747344,0.2002949209309301,0.20635895749232755,0.19004842132337751,0.20256364569128585,0.20398803808126362,0.20026320831143476,0.199727751977412,0.20785660773660952,0.19766359749766732,0.20315837588249314,0.19479443281473358,0.1976257439365766,0.20334063174111128,0.203258900718619,0.20111426794352957,0.2053870990874553,0.19594657865656973,0.19856131259050858,0.19827346330848192,0.2001833750339758,0.19225571446342543,0.19079994430940125,0.20436688075402,0.19908254872131,0.19855349342179485,0.19525420871931512,0.19804647704577086,0.20202734715030016,0.20134392313438462,0.19337665341757085,0.2010587849778618
AOTU_L,0.22079402165895412,0.24050452561647195,0.20711968635328065,0.22797697359818545,0.2480541010972473,0.2500641106841338,0.24177282461210522,0.24213090150346323,0.20251446029747344,,0.2523749355446428,0.2290841757694772,0.1953653615851521,0.24681453886815502,0.2385769140436289,0.23881391617228748,0.23001272720072957,0.24245074691946406,0.22558484820488073,0.24610827709036354,0.20604110008997717,0.23411927564030538,0.2446039324819122,0.2470008097238956,0.25658834444394285,0.25251570208913565,0.243987198658822,0.2300340561398691,0.2508174362197185,0.23565398623990105,0.2074082665539311,0.21082018399318686,0.24239959895461077,0.2312725011489297,0.21375276969371412,0.24055577853604998,0.24896049921106528,0.24328863469770007,0.2422249712789053,0.2174828120565651,0.24778807445337434
AVLP_L,0.2458701802352782,0.2776884706277868,0.21843348271938706,0.25405687320560033,0.289160035864847,0.2913548292058528,0.30400809487370334,0.2759382088997713,0.2002949209309301,0.2523749355446428,,0.2526059941438913,0.1980892171678405,0.2744918789111378,0.2518180795621759,0.25820954721481465,0.287384418584522,0.2714101628055535,0.24711155485393071,0.29376367523755276,0.22310008529830996,0.2501103677592807,0.30577268665056534,0.2950339529519252,0.3190638794793309,0.3064553757468787,0.2720311822031757,0.2643506438341264,0.23453322860904877,0.26228404452044524,0.21645237130142925,0.22399644034764585,0.2783506753492112,0.2651152811041615,0.22734693663712569,0.2832983226809394,0.28735060849241556,0.29550034644392154,0.27599743796492276,0.23296730329702134,0.27052563148319597
ICL_L,0.216187174002477,0.23687987690506426,0.2021045559689721,0.22062170906392575,0.23399045535723745,0.24162564046824145,0.2383206697721124,0.24373396632228492,0.20635895749232755,0.2290841757694772,0.2526059941438913,,0.20120560424086617,0.2340732705192341,0.23093888454366165,0.2343362054570687,0.22976312939518734,0.23431753113333928,0.22117198709741087,0.23695512230888563,0.20802253139119306,0.22341669817065307,0.23771305163358125,0.24073353899948496,0.257478687650062,0.24821699427485627,0.23510271628107007,0.2391715434089638,0.24788117787447583,0.22867057337256752,0.21272402026703713,0.20851754045685925,0.23787373648072024,0.22393248242320202,0.2222397216001562,0.23800208322158695,0.24509318055078633,0.23873106160564844,0.23744189819923087,0.22351894497109775,0.24137481666886576
ME_L,0.19734881039102176,0.1985029594002946,0.19261482843597091,0.19641914267677235,0.1994831647745902,0.2002131451960926,0.20073829559270032,0.20614112026648765,0.19004842132337751,0.1953653615851521,0.1980892171678405,0.20120560424086617,,0.203895891387839,0.2018464401962665,0.19953919888572633,0.20000016038372906,0.19548869343645767,0.194861687340879,0.19356312394240086,0.19631794642163305,0.1980121332593959,0.2020419595545783,0.19800073658778503,0.20093709757805228,0.20216397220903884,0.20161686293397293,0.2013519495694489,0.2054528662102768,0.19860822375515622,0.19541122530087995,0.19693175116709996,0.2011594041503003,0.19717629436861386,0.19494950044879422,0.2017886559321964,0.20036737865966617,0.20576628731131247,0.1996526895587944,0.19635924292652018,0.19838833051975494
PLP_L,0.22872874074682473,0.2595377763694332,0.21282478931798438,0.23441367488522338,0.25589185578217677,0.25183031757969154,0.25473688462242183,0.237420282845967,0.20256364569128585,0.24681453886815502,0.2744918789111378,0.2340732705192341,0.203895891387839,,0.21446541526966775,0.2500642717450378,0.25911607650517643,0.23831738065508096,0.22621013974409085,0.2613406803224866,0.21785464502607838,0.23832071703609378,0.2588730826326176,0.25315645991848984,0.2673709471275215,0.265306243843437,0.24491055349447288,0.25020673458168063,0.26683355212547444,0.24255451302675035,0.21515125881381092,0.21339589056603292,0.23644619063397956,0.2331653145210503,0.22998948700839547,0.2597855625586809,0.2569763431019349,0.2611837610799702,0.23893122272786466,0.226792347278734,0.2481060247983467
PVLP_L,0.22250408537306518,0.23943118635726396,0.2089347066343034,0.22760871853834713,0.2457860751666483,0.25405894904192916,0.2515806264228061,0.23164192618209506,0.20398803808126362,0.2385769140436289,0.2518180795621759,0.23093888454366165,0.2018464401962665,0.21446541526966775,,0.23857235564835402,0.24928464057380526,0.22833012472223452,0.22238430563439243,0.24984021362137585,0.2122027069077808,0.23028984893360102,0.25505317418905726,0.25007435598767774,0.2647096242280344,0.2559462807515176,0.2419939879486776,0.24230967165094414,0.264549596326606,0.2389038991630093,0.21005636407645353,0.20682958583431044,0.23414973340788822,0.231589952619531,0.22172155505011298,0.24187648822997962,0.24028129172078333,0.24666223020399447,0.2372642370619828,0.2210837708008088,0.2418281418825951
SIP_L,0.22091638441186986,0.2264016046066668,0.20903934475298155,0.22816756932573012,0.24655471916793448,0.25729661099925094,0.24889099143546023,0.25795372825598734,0.20026320831143476,0.23881391617228748,0.25820954721481465,0.2343362054570687,0.19953919888572633,0.2500642717450378,0.23857235564835402,,0.23007265401796767,0.24325604316841676,0.2195993229996584,0.2464973246021674,0.20938314804200875,0.22187420995865598,0.24077069023339198,0.24756080988355134,0.262277714703254,0.2597623074458514,0.2431012468207921,0.2449087213047803,0.25671979736209805,0.23514023325220618,0.2078453677813822,0.2061284597390978,0.24104289310044563,0.23438653512681581,0.21391673384558815,0.24009220115542496,0.24235902506602264,0.2421870937791768,0.2375391871024301,0.21800372527692025,0.24439381406491295
SMP_L,0.22875812251098981,0.23299597752686677,0.2130824235504758,0.23083662647036904,0.25265497014478766,0.272956136501737,0.25193307743646776,0.2595693636613522,0.199727751977412,0.23001272720072957,0.287384418584522,0.22976312939518734,0.20000016038372906,0.25911607650517643,0.24928464057380526,0.23007265401796767,,0.25798927277558154,0.2291446444274583,0.2518516239684469,0.21226917687822944,0.22884394303132877,0.26026338999726184,0.2675336803031753,0.2762460060404968,0.2834331839044099,0.2521614491631683,0.24556231690885758,0.27873204616982694,0.23562222726175178,0.2178133391372885,0.21848021230066858,0.25331259565996184,0.24091679189942825,0.2187004782655379,0.23618941498613055,0.24948007473971737,0.2164315837086777,0.2513443352224548,0.22633931885053657,0.26831255080058625
SPS_L,0.23084172188676386,0.24208908096841256,0.20817546799026046,0.2212312167397057,0.23899764888377745,0.24459698492052775,0.2581659380458645,0.24186263754467086,0.20785660773660952,0.24245074691946406,0.2714101628055535,0.23431753113333928,0.19548869343645767,0.23831738065508096,0.22833012472223452,0.24325604316841676,0.25798927277558154,,0.22799083449735552,0.24780683378676457,0.21885648778116837,0.229411797555875,0.2557601998532655,0.24870045618166375,0.26677049251581986,0.2585437508398555,0.24236604094657407,0.2427825449663586,0.2683425066807948,0.23937882374096034,0.22133033574426575,0.2080476026099552,0.2490560427942885,0.23603951455618116,0.23260406119294802,0.2504194884085518,0.25488970025868934,0.25223727475157526,0.23896701741783472,0.22264472980618333,0.25622098291498185
ATL_R,0.2095590676984065,0.22949322103936542,0.20370917295247085,0.21148322036337955,0.23144700244069116,0.2360338498620386,0.239154969157967,0.23284721842104972,0.19766359749766732,0.22558484820488073,0.24711155485393071,0.22117198709741087,0.194861687340879,0.22621013974409085,0.22238430563439243,0.2195993229996584,0.2291446444274583,0.22799083449735552,,0.23283462985519116,0.20743252229507342,0.21826922110520633,0.23385476588244986,0.23470367917343396,0.2448258173118743,0.2458028909769272,0.23618379126377742,0.2262448057666187,0.24239082909086967,0.227919663589021,0.20560529586894777,0.2070564945647121,0.230247757803276,0.22192431534648863,0.20699986557048397,0.22446961382239214,0.23306506702076243,0.2294302129803513,0.22647652895479747,0.21199628359995798,0.2321984701518029
CRE_R,0.22901716801746516,0.22819734461005076,0.2178168004463931,0.22448001689892266,0.25689818944458576,0.2676906238645756,0.25564197712133635,0.25900685355371794,0.20315837588249314,0.24610827709036354,0.29376367523755276,0.23695512230888563,0.19356312394240086,0.2613406803224866,0.24984021362137585,0.2464973246021674,0.2518516239684469,0.24780683378676457,0.23283462985519116,,0.2142151295101172,0.22241487015427724,0.2384175405496928,0.2573796667514824,0.20976178778632065,0.25630335333645604,0.2623728063087061,0.23755232765583972,0.2692666007057949,0.24008952917441784,0.21526475946492943,0.21739539735634625,0.2460943106767782,0.2383694425636675,0.2213243530103607,0.2371396517768444,0.24949531149118237,0.23555705684274475,0.2425498735769041,0.2268679663311554,0.262594240369533
EPA_R,0.20775205795344243,0.21025498230358092,0.20022162181374115,0.20449032459583102,0.2067184441438819,0.2134702849133266,0.2181914785877898,0.21585565382506675,0.19479443281473358,0.20604110008997717,0.22310008529830996,0.20802253139119306,0.19631794642163305,0.21785464502607838,0.2122027069077808,0.20938314804200875,0.21226917687822944,0.21885648778116837,0.20743252229507342,0.2142151295101172,,0.20711098036297818,0.2050994987708959,0.20914535293076147,0.22075219020904696,0.2116859407206714,0.21360636515442324,0.20733643667582183,0.21669302993660575,0.20304912282513193,0.1971688980263941,0.19837855136969584,0.21111477635373066,0.21079126705444065,0.20023334801422452,0.21572156401867276,0.21332304244706699,0.2146448989320217,0.2133866685952662,0.20002073512383856,0.21172157159869537
IB_R,0.22451042498877644,0.22963063300678468,0.2081734626468069,0.21164855032675836,0.23175013611737433,0.24147375043092345,0.24794234014335353,0.2346254785960573,0.1976257439365766,0.23411927564030538,0.2501103677592807,0.22341669817065307,0.1980121332593959,0.23832071703609378,0.23028984893360102,0.22187420995865598,0.22884394303132877,0.229411797555875,0.21826922110520633,0.22241487015427724,0.20711098036297818,,0.23065849552476556,0.2352703126785965,0.2432829670781634,0.2369812035402786,0.23182658709026976,0.2340224391413094,0.2464052385536606,0.22449975416054913,0.21201461814835837,0.20810951323570004,0.22157744949424338,0.22293500785299875,0.2166426624034495,0.2245608507511176,0.2292653151543586,0.22651384463081964,0.22050020750484017,0.21847333134063046,0.24071700727106898
LAL_R,0.22957802017586276,0.25215342755166725,0.2197647903271064,0.23165820852163743,0.2526091732378294,0.25998316723047965,0.26172865244614024,0.2598041876305894,0.20334063174111128,0.2446039324819122,0.30577268665056534,0.23771305163358125,0.2020419595545783,0.2588730826326176,0.25505317418905726,0.24077069023339198,0.26026338999726184,0.2557601998532655,0.23385476588244986,0.2384175405496928,0.2050994987708959,0.23065849552476556,,0.23003956957877544,0.2614702598394229,0.2542126283110344,0.2634707684715312,0.24108037692313083,0.2681852959264128,0.22723573315303852,0.21387958204899143,0.2131759789287199,0.2472234528144288,0.23871035321930428,0.22443378055943736,0.24825666207464972,0.2529040727106623,0.25305880422788035,0.24150808132845508,0.22698841870414116,0.263002478631884
VES_R,0.23126450159306824,0.2588144300541591,0.2211148390846856,0.23530014032678337,0.2525534069201101,0.2439066780088815,0.2650677478454978,0.2602757467927846,0.203258900718619,0.2470008097238956,0.2950339529519252,0.24073353899948496,0.19800073658778503,0.25315645991848984,0.25007435598767774,0.24756080988355134,0.2675336803031753,0.24870045618166375,0.23470367917343396,0.2573796667514824,0.20914535293076147,0.2352703126785965,0.23003956957877544,,0.2667975078251427,0.25149220433193775,0.2612551748340016,0.23916973316740586,0.27252521033954435,0.23381565809551033,0.21537412795406502,0.21719109736753225,0.24748900598837115,0.23448235495306097,0.22794264522626065,0.2561400265659709,0.25321100180665645,0.25921195936631286,0.2482417116513175,0.22794021203326814,0.2577647418047776
MB_R,0.23940946127204285,0.25104914987649635,0.22094994720784328,0.24699251927218419,0.27715744894237254,0.28610949960841436,0.2618024269911472,0.26792294359309626,0.20111426794352957,0.25658834444394285,0.3190638794793309,0.257478687650062,0.20093709757805228,0.2673709471275215,0.2647096242280344,0.262277714703254,0.2762460060404968,0.26677049251581986,0.2448258173118743,0.20976178778632065,0.22075219020904696,0.2432829670781634,0.2614702598394229,0.2667975078251427,,0.2562657014019329,0.26918579978656293,0.2491887024784421,0.2878648563267362,0.24767413737642469,0.21706336872975768,0.21631339751813047,0.24782883018325652,0.2550443823263629,0.22939532627946474,0.2574352276881807,0.26143970310749254,0.2605262048952157,0.2584215784605407,0.24102934416620836,0.27996373662364116
AL_R,0.23492874151585505,0.26934273248560264,0.21354199205850694,0.23982715897588394,0.2802653394486113,0.2790919114896192,0.28752668519844826,0.27517569183411716,0.2053870990874553,0.25251570208913565,0.3064553757468787,0.24821699427485627,0.20216397220903884,0.265306243843437,0.2559462807515176,0.2597623074458514,0.2834331839044099,0.2585437508398555,0.2458028909769272,0.25630335333645604,0.2116859407206714,0.2369812035402786,0.2542126283110344,0.25149220433193775,0.2562657014019329,,0.28114721349923444,0.2500047140605773,0.2752279697289618,0.2440387252686,0.21650203389418077,0.21536421763458827,0.2527583015544219,0.24242696185756304,0.2250755452684816,0.26152500877815327,0.26723248049161485,0.2790253293058571,0.24536554246259232,0.2268155354722683,0.28096573306914285
LH_R,0.22811713760641075,0.2496414350267841,0.21074553687258044,0.2268735869312135,0.25150417410018544,0.2642899815697196,0.2574336004387578,0.25635884227495764,0.19594657865656973,0.243987198658822,0.2720311822031757,0.23510271628107007,0.20161686293397293,0.24491055349447288,0.2419939879486776,0.2431012468207921,0.2521614491631683,0.24236604094657407,0.23618379126377742,0.2623728063087061,0.21360636515442324,0.23182658709026976,0.2634707684715312,0.2612551748340016,0.26918579978656293,0.28114721349923444,,0.2470897804169471,0.2581253799990263,0.2412034045767404,0.219741931786116,0.21348968127100723,0.2270026259545755,0.23355330457007034,0.21991409787506835,0.2642034282578375,0.24963299325898144,0.2636302323053507,0.24041523100772721,0.2179917666973624,0.2555284127484518
AOTU_R,0.22888281392764503,0.2405816789876754,0.20397311482762687,0.2337999350821005,0.2426613248843402,0.25382421113541076,0.2563330835725681,0.2481491255609504,0.19856131259050858,0.2300340561398691,0.2643506438341264,0.2391715434089638,0.2013519495694489,0.25020673458168063,0.24230967165094414,0.2449087213047803,0.24556231690885758,0.2427825449663586,0.2262448057666187,0.23755232765583972,0.20733643667582183,0.2340224391413094,0.24108037692313083,0.23916973316740586,0.2491887024784421,0.2500047140605773,0.2470897804169471,,0.2565854639472531,0.23193216266316888,0.21801611407301275,0.2133862459938195,0.2459517246477067,0.2285875094206204,0.21249471034258888,0.2414038583774058,0.24460862267834713,0.2501374759755075,0.23888829795417826,0.21991151642321932,0.25666779879798574
AVLP_R,0.23885303658726942,0.26653454427085665,0.21733709648925906,0.24455698180445581,0.2763184203400108,0.2811120738264405,0.2900522757079732,0.26852479553839126,0.19827346330848192,0.2508174362197185,0.23453322860904877,0.24788117787447583,0.2054528662102768,0.26683355212547444,0.264549596326606,0.25671979736209805,0.27873204616982694,0.2683425066807948,0.24239082909086967,0.2692666007057949,0.21669302993660575,0.2464052385536606,0.2681852959264128,0.27252521033954435,0.2878648563267362,0.2752279697289618,0.2581253799990263,0.2565854639472531,,0.24916561040910748,0.21357987177202853,0.2169416714707633,0.26507673475592947,0.24177916586400117,0.2224942464285872,0.2656090642908898,0.2698052226741806,0.2798186387387088,0.26545442844975914,0.22959230180107984,0.2612855344895525
ICL_R,0.22054000781194957,0.23614937000790567,0.20471028572659938,0.22560422464427482,0.23656678564112013,0.2514967846053251,0.24613305700021976,0.2434747271884156,0.2001833750339758,0.23565398623990105,0.26228404452044524,0.22867057337256752,0.19860822375515622,0.24255451302675035,0.2389038991630093,0.23514023325220618,0.23562222726175178,0.23937882374096034,0.227919663589021,0.24008952917441784,0.20304912282513193,0.22449975416054913,0.22723573315303852,0.23381565809551033,0.24767413737642469,0.2440387252686,0.2412034045767404,0.23193216266316888,0.24916561040910748,,0.21727876435283502,0.2102066007531731,0.23344809514517842,0.22009549291930747,0.21389257309980708,0.2338914045297466,0.2425927787923528,0.22677635583176864,0.23422146919078335,0.22043962001918124,0.24914895708446966
LO_R,0.21086119924278254,0.21063845965437022,0.19970748151449597,0.2118192500284543,0.21496866491997563,0.2151091365689636,0.21917234985656187,0.2075597554259332,0.19225571446342543,0.2074082665539311,0.21645237130142925,0.21272402026703713,0.19541122530087995,0.21515125881381092,0.21005636407645353,0.2078453677813822,0.2178133391372885,0.22133033574426575,0.20560529586894777,0.21526475946492943,0.1971688980263941,0.21201461814835837,0.21387958204899143,0.21537412795406502,0.21706336872975768,0.21650203389418077,0.219741931786116,0.21801611407301275,0.21357987177202853,0.21727876435283502,,0.19837695228021826,0.21925766320963908,0.22396799067391146,0.19877821169430326,0.2109418059748927,0.22116134846326502,0.21789144779755568,0.21845727951569888,0.19809183287842264,0.2067210912571576
ME_R,0.20601132995113983,0.21589909955739306,0.19507134430128859,0.20863436187571247,0.2208530724899623,0.21957069374593616,0.21989961770587377,0.21851941643319414,0.19079994430940125,0.21082018399318686,0.22399644034764585,0.20851754045685925,0.19693175116709996,0.21339589056603292,0.20682958583431044,0.2061284597390978,0.21848021230066858,0.2080476026099552,0.2070564945647121,0.21739539735634625,0.19837855136969584,0.20810951323570004,0.2131759789287199,0.21719109736753225,0.21631339751813047,0.21536421763458827,0.21348968127100723,0.2133862459938195,0.2169416714707633,0.2102066007531731,0.19837695228021826,,0.21648583796566748,0.20828413913618637,0.1949703467638579,0.20971110417347674,0.21277750523987565,0.21512961490945676,0.21625636223717828,0.19974360339724243,0.20854867309351482
PLP_R,0.22421745432337653,0.24471583197553914,0.20677015326566858,0.22515091979561103,0.24398676472789643,0.2576418696606088,0.25736320265316237,0.24513444333218168,0.20436688075402,0.24239959895461077,0.2783506753492112,0.23787373648072024,0.2011594041503003,0.23644619063397956,0.23414973340788822,0.24104289310044563,0.25331259565996184,0.2490560427942885,0.230247757803276,0.2460943106767782,0.21111477635373066,0.22157744949424338,0.2472234528144288,0.24748900598837115,0.24782883018325652,0.2527583015544219,0.2270026259545755,0.2459517246477067,0.26507673475592947,0.23344809514517842,0.21925766320963908,0.21648583796566748,,0.22385548960909546,0.22799480054234808,0.25103404055664325,0.24258569284545964,0.2526469073570018,0.22301500112247905,0.22254445878994794,0.24493527398961876
PVLP_R,0.2169200996476513,0.23655412414335003,0.20964131349146045,0.21741838905194616,0.23815582149447528,0.24034390578962003,0.2506575782581094,0.2408482430129594,0.19908254872131,0.2312725011489297,0.2651152811041615,0.22393248242320202,0.19717629436861386,0.2331653145210503,0.231589952619531,0.23438653512681581,0.24091679189942825,0.23603951455618116,0.22192431534648863,0.2383694425636675,0.21079126705444065,0.22293500785299875,0.23871035321930428,0.23448235495306097,0.2550443823263629,0.24242696185756304,0.23355330457007034,0.2285875094206204,0.24177916586400117,0.22009549291930747,0.22396799067391146,0.20828413913618637,0.22385548960909546,,0.22145236552630476,0.23435525526041978,0.23460769730678238,0.23992686468455302,0.2313998656042701,0.22342364739716505,0.23922117253788855
WED_R,0.21004711748666946,0.2215034061495047,0.2069185791952442,0.21262467648304129,0.2313793291524338,0.23572326724176623,0.22637318568831272,0.22058158385975823,0.19855349342179485,0.21375276969371412,0.22734693663712569,0.2222397216001562,0.19494950044879422,0.22998948700839547,0.22172155505011298,0.21391673384558815,0.2187004782655379,0.23260406119294802,0.20699986557048397,0.2213243530103607,0.20023334801422452,0.2166426624034495,0.22443378055943736,0.22794264522626065,0.22939532627946474,0.2250755452684816,0.21991409787506835,0.21249471034258888,0.2224942464285872,0.21389257309980708,0.19877821169430326,0.1949703467638579,0.22799480054234808,0.22145236552630476,,0.21668222652651714,0.21869138863234264,0.22173135634097058,0.22775363257443143,0.2066620393830485,0.21858274156543475
SIP_R,0.22400113620719334,0.24584556026051563,0.21229592296009145,0.2222172320793936,0.2511472387618084,0.26352481573731323,0.2616874747172228,0.25994207171589834,0.19525420871931512,0.24055577853604998,0.2832983226809394,0.23800208322158695,0.2017886559321964,0.2597855625586809,0.24187648822997962,0.24009220115542496,0.23618941498613055,0.2504194884085518,0.22446961382239214,0.2371396517768444,0.21572156401867276,0.2245608507511176,0.24825666207464972,0.2561400265659709,0.2574352276881807,0.26152500877815327,0.2642034282578375,0.2414038583774058,0.2656090642908898,0.2338914045297466,0.2109418059748927,0.20971110417347674,0.25103404055664325,0.23435525526041978,0.21668222652651714,,0.23242926452255022,0.21529449420639998,0.24384589786911975,0.22692132574651955,0.25822339106154957
SLP_R,0.22986114919891637,0.25582140439857165,0.20973914944987104,0.2269233841734474,0.2566389310756778,0.26533030247516565,0.26501107509959515,0.2594455508696208,0.19804647704577086,0.24896049921106528,0.28735060849241556,0.24509318055078633,0.20036737865966617,0.2569763431019349,0.24028129172078333,0.24235902506602264,0.24948007473971737,0.25488970025868934,0.23306506702076243,0.24949531149118237,0.21332304244706699,0.2292653151543586,0.2529040727106623,0.25321100180665645,0.26143970310749254,0.26723248049161485,0.24963299325898144,0.24460862267834713,0.2698052226741806,0.2425927787923528,0.22116134846326502,0.21277750523987565,0.24258569284545964,0.23460769730678238,0.21869138863234264,0.23242926452255022,,0.24122720936856235,0.2423904957284452,0.22045195134612924,0.2610331500477253
SMP_R,0.22655668578477503,0.23987599738800877,0.20901735438105673,0.2264051352026132,0.25848034675232184,0.2698668568782687,0.26322311449806907,0.25835495595484187,0.20202734715030016,0.24328863469770007,0.29550034644392154,0.23873106160564844,0.20576628731131247,0.2611837610799702,0.24666223020399447,0.2421870937791768,0.2164315837086777,0.25223727475157526,0.2294302129803513,0.23555705684274475,0.2146448989320217,0.22651384463081964,0.25305880422788035,0.25921195936631286,0.2605262048952157,0.2790253293058571,0.2636302323053507,0.2501374759755075,0.2798186387387088,0.22677635583176864,0.21789144779755568,0.21512961490945676,0.2526469073570018,0.23992686468455302,0.22173135634097058,0.21529449420639998,0.24122720936856235,,0.24764316356728316,0.23498072681717677,0.26720892666051543
SPS_R,0.23132669991767224,0.24870381130058267,0.20906565847375674,0.22029611897802853,0.24481634140238548,0.24852921760202645,0.2630739753917698,0.24570557380694039,0.20134392313438462,0.2422249712789053,0.27599743796492276,0.23744189819923087,0.1996526895587944,0.23893122272786466,0.2372642370619828,0.2375391871024301,0.2513443352224548,0.23896701741783472,0.22647652895479747,0.2425498735769041,0.2133866685952662,0.22050020750484017,0.24150808132845508,0.2482417116513175,0.2584215784605407,0.24536554246259232,0.24041523100772721,0.23888829795417826,0.26545442844975914,0.23422146919078335,0.21845727951569888,0.21625636223717828,0.22301500112247905,0.2313998656042701,0.22775363257443143,0.24384589786911975,0.2423904957284452,0.24764316356728316,,0.22040927262378657,0.24768761222107666
NO,0.2113341199881181,0.22124601954810186,0.2027648215249734,0.21408478083921567,0.2211388640504312,0.22602412030357483,0.23530880585909458,0.21882904412777976,0.19337665341757085,0.2174828120565651,0.23296730329702134,0.22351894497109775,0.19635924292652018,0.226792347278734,0.2210837708008088,0.21800372527692025,0.22633931885053657,0.22264472980618333,0.21199628359995798,0.2268679663311554,0.20002073512383856,0.21847333134063046,0.22698841870414116,0.22794021203326814,0.24102934416620836,0.2268155354722683,0.2179917666973624,0.21991151642321932,0.22959230180107984,0.22043962001918124,0.19809183287842264,0.19974360339724243,0.22254445878994794,0.22342364739716505,0.2066620393830485,0.22692132574651955,0.22045195134612924,0.23498072681717677,0.22040927262378657,,0.2159693571870182
PB,0.22618685570349154,0.26309351989984703,0.21436495849746745,0.24043044397335903,0.2615470199706006,0.26694508484635493,0.2741673195359281,0.25231129297660776,0.2010587849778618,0.24778807445337434,0.27052563148319597,0.24137481666886576,0.19838833051975494,0.2481060247983467,0.2418281418825951,0.24439381406491295,0.26831255080058625,0.25622098291498185,0.2321984701518029,0.262594240369533,0.21172157159869537,0.24071700727106898,0.263002478631884,0.2577647418047776,0.27996373662364116,0.28096573306914285,0.2555284127484518,0.25666779879798574,0.2612855344895525,0.24914895708446966,0.2067210912571576,0.20854867309351482,0.24493527398961876,0.23922117253788855,0.21858274156543475,0.25822339106154957,0.2610331500477253,0.26720892666051543,0.24768761222107666,0.2159693571870182,
