roi,label,side_key,side,big_group,mean_FCV_excl_same_side_key_z,weighted_mean_PostDCA_positive,binary_mean_PostDCA_positive
250,AL_R_250,AL_R,R,olfactory system,-0.0405249034372948,0.0669363001194896,0.04987524457539265
251,AL_R_251,AL_R,R,olfactory system,0.6050493984853603,0.0669363001194896,0.04987524457539265
252,AL_R_252,AL_R,R,olfactory system,0.4705690085407075,0.0669363001194896,0.04987524457539265
253,AL_R_253,AL_R,R,olfactory system,1.0583982885026344,0.0669363001194896,0.04987524457539265
254,AL_R_254,AL_R,R,olfactory system,0.274215556901867,0.0669363001194896,0.04987524457539265
255,AL_R_255,AL_R,R,olfactory system,-1.272129102710995,0.0669363001194896,0.04987524457539265
256,AL_R_256,AL_R,R,olfactory system,0.3404021606578047,0.0669363001194896,0.04987524457539265
257,AL_R_257,AL_R,R,olfactory system,0.8606407399432486,0.0669363001194896,0.04987524457539265
258,AL_R_258,AL_R,R,olfactory system,0.0446764591356536,0.0669363001194896,0.04987524457539265
259,AL_R_259,AL_R,R,olfactory system,1.492232726468667,0.0669363001194896,0.04987524457539265
260,AL_R_260,AL_R,R,olfactory system,0.6962012588166544,0.0669363001194896,0.04987524457539265
261,AL_R_261,AL_R,R,olfactory system,0.0966787087585912,0.0669363001194896,0.04987524457539265
262,AL_R_262,AL_R,R,olfactory system,1.9282990080162528,0.0669363001194896,0.04987524457539265
263,AL_R_263,AL_R,R,olfactory system,1.0247896603061688,0.0669363001194896,0.04987524457539265
264,AL_R_264,AL_R,R,olfactory system,0.3628056072387057,0.0669363001194896,0.04987524457539265
265,AL_R_265,AL_R,R,olfactory system,2.2930837876838024,0.0669363001194896,0.04987524457539265
266,AL_R_266,AL_R,R,olfactory system,0.6429325729383307,0.0669363001194896,0.04987524457539265
267,AL_R_267,AL_R,R,olfactory system,0.9119988360148524,0.0669363001194896,0.04987524457539265
268,AL_R_268,AL_R,R,olfactory system,0.9426290203528784,0.0669363001194896,0.04987524457539265
269,AL_R_269,AL_R,R,olfactory system,1.5859847227779895,0.0669363001194896,0.04987524457539265
270,AL_R_270,AL_R,R,olfactory system,0.076585498042334,0.0669363001194896,0.04987524457539265
271,AL_R_271,AL_R,R,olfactory system,1.5570135018601523,0.0669363001194896,0.04987524457539265
272,AL_R_272,AL_R,R,olfactory system,0.9291245712809794,0.0669363001194896,0.04987524457539265
158,ATL_R_158,ATL_R,R,inferior/ventrolateral protocerebrum,0.8490896546153496,0.0076843012696145,0.01248101921145336
188,AVLP_R_188,AVLP_R,R,optic/lateral protocerebrum,-0.11669235321014,0.0220640996038256,0.01210526524760779
189,AVLP_R_189,AVLP_R,R,optic/lateral protocerebrum,-0.4506741811959519,0.0220640996038256,0.01210526524760779
190,AVLP_R_190,AVLP_R,R,optic/lateral protocerebrum,-1.127764650001392,0.0220640996038256,0.01210526524760779
191,AVLP_R_191,AVLP_R,R,optic/lateral protocerebrum,-0.5314288109220731,0.0220640996038256,0.01210526524760779
192,AVLP_R_192,AVLP_R,R,optic/lateral protocerebrum,-0.6187202855129118,0.0220640996038256,0.01210526524760779
193,AVLP_R_193,AVLP_R,R,optic/lateral protocerebrum,0.0678397547942641,0.0220640996038256,0.01210526524760779
194,AVLP_R_194,AVLP_R,R,optic/lateral protocerebrum,-0.1705783127436995,0.0220640996038256,0.01210526524760779
195,AVLP_R_195,AVLP_R,R,optic/lateral protocerebrum,-1.070933016584947,0.0220640996038256,0.01210526524760779
196,AVLP_R_196,AVLP_R,R,optic/lateral protocerebrum,0.1740235513744681,0.0220640996038256,0.01210526524760779
197,AVLP_R_197,AVLP_R,R,optic/lateral protocerebrum,-0.3050813285432754,0.0220640996038256,0.01210526524760779
198,AVLP_R_198,AVLP_R,R,optic/lateral protocerebrum,-1.2162822338352637,0.0220640996038256,0.01210526524760779
199,AVLP_R_199,AVLP_R,R,optic/lateral protocerebrum,-0.5505691722812069,0.0220640996038256,0.01210526524760779
200,AVLP_R_200,AVLP_R,R,optic/lateral protocerebrum,-0.6610363393887485,0.0220640996038256,0.01210526524760779
201,AVLP_R_201,AVLP_R,R,optic/lateral protocerebrum,-0.6975209166432496,0.0220640996038256,0.01210526524760779
202,AVLP_R_202,AVLP_R,R,optic/lateral protocerebrum,-0.9494350914253186,0.0220640996038256,0.01210526524760779
203,AVLP_R_203,AVLP_R,R,optic/lateral protocerebrum,-0.2958315862818684,0.0220640996038256,0.01210526524760779
204,AVLP_R_204,AVLP_R,R,optic/lateral protocerebrum,-0.5609167664295482,0.0220640996038256,0.01210526524760779
205,AVLP_R_205,AVLP_R,R,optic/lateral protocerebrum,-0.8635088223314864,0.0220640996038256,0.01210526524760779
206,AVLP_R_206,AVLP_R,R,optic/lateral protocerebrum,1.1031519464727846,0.0220640996038256,0.01210526524760779
207,AVLP_R_207,AVLP_R,R,optic/lateral protocerebrum,-0.8592784429511071,0.0220640996038256,0.01210526524760779
208,AVLP_R_208,AVLP_R,R,optic/lateral protocerebrum,-0.6623205801579654,0.0220640996038256,0.01210526524760779
209,AVLP_R_209,AVLP_R,R,optic/lateral protocerebrum,-1.4359129986550894,0.0220640996038256,0.01210526524760779
210,AVLP_R_210,AVLP_R,R,optic/lateral protocerebrum,2.421229722616981,0.0220640996038256,0.01210526524760779
211,AVLP_R_211,AVLP_R,R,optic/lateral protocerebrum,1.2315951847219035,0.0220640996038256,0.01210526524760779
212,AVLP_R_212,AVLP_R,R,optic/lateral protocerebrum,1.2084738040416296,0.0220640996038256,0.01210526524760779
213,AVLP_R_213,AVLP_R,R,optic/lateral protocerebrum,-0.5924071229993789,0.0220640996038256,0.01210526524760779
214,AVLP_R_214,AVLP_R,R,optic/lateral protocerebrum,2.2408634719737264,0.0220640996038256,0.01210526524760779
215,AVLP_R_215,AVLP_R,R,optic/lateral protocerebrum,-0.2776795736302061,0.0220640996038256,0.01210526524760779
126,CRE_R_126,CRE_R,R,inferior/ventrolateral protocerebrum,1.2984841139832,0.011210897585465,0.012292639775912583
127,CRE_R_127,CRE_R,R,inferior/ventrolateral protocerebrum,-0.2266884647738196,0.011210897585465,0.012292639775912583
128,CRE_R_128,CRE_R,R,inferior/ventrolateral protocerebrum,0.7683601861138057,0.011210897585465,0.012292639775912583
129,CRE_R_129,CRE_R,R,inferior/ventrolateral protocerebrum,1.337016483228528,0.011210897585465,0.012292639775912583
130,CRE_R_130,CRE_R,R,inferior/ventrolateral protocerebrum,0.8443706871053319,0.011210897585465,0.012292639775912583
131,CRE_R_131,CRE_R,R,inferior/ventrolateral protocerebrum,1.4703301886618654,0.011210897585465,0.012292639775912583
132,CRE_R_132,CRE_R,R,inferior/ventrolateral protocerebrum,0.3134334783491841,0.011210897585465,0.012292639775912583
133,CRE_R_133,CRE_R,R,inferior/ventrolateral protocerebrum,1.863652816501061,0.011210897585465,0.012292639775912583
144,EPA_R_144,EPA_R,R,inferior/ventrolateral protocerebrum,-0.1593697559024249,0.0143470987549166,0.01490712950208048
909,IB_R_909,IB_R,R,inferior/ventrolateral protocerebrum,0.2178055509671835,0.0364638376026452,0.011976227003884355
910,IB_R_910,IB_R,R,inferior/ventrolateral protocerebrum,-0.6838416880982844,0.0364638376026452,0.011976227003884355
911,IB_R_911,IB_R,R,inferior/ventrolateral protocerebrum,0.0582061046879058,0.0364638376026452,0.011976227003884355
912,IB_R_912,IB_R,R,inferior/ventrolateral protocerebrum,0.668520669558623,0.0364638376026452,0.011976227003884355
311,ICL_R_311,ICL_R,R,optic/lateral protocerebrum,-0.2890168748472029,0.0142208345232401,0.01294915203617017
312,ICL_R_312,ICL_R,R,optic/lateral protocerebrum,0.5474430733963525,0.0142208345232401,0.01294915203617017
313,ICL_R_313,ICL_R,R,optic/lateral protocerebrum,-0.4490508519198328,0.0142208345232401,0.01294915203617017
314,ICL_R_314,ICL_R,R,optic/lateral protocerebrum,0.1264798683071461,0.0142208345232401,0.01294915203617017
315,ICL_R_315,ICL_R,R,optic/lateral protocerebrum,-0.3322837512436741,0.0142208345232401,0.01294915203617017
316,ICL_R_316,ICL_R,R,optic/lateral protocerebrum,0.3862408043720112,0.0142208345232401,0.01294915203617017
317,ICL_R_317,ICL_R,R,optic/lateral protocerebrum,-0.1454094415447918,0.0142208345232401,0.01294915203617017
318,ICL_R_318,ICL_R,R,optic/lateral protocerebrum,0.3844570403885724,0.0142208345232401,0.01294915203617017
974,LAL_R_974,LAL_R,R,inferior/ventrolateral protocerebrum,1.1601820408171963,0.023416134530816,0.017949288146323288
975,LAL_R_975,LAL_R,R,inferior/ventrolateral protocerebrum,0.583324906268744,0.023416134530816,0.017949288146323288
976,LAL_R_976,LAL_R,R,inferior/ventrolateral protocerebrum,0.2537942309355798,0.023416134530816,0.017949288146323288
977,LAL_R_977,LAL_R,R,inferior/ventrolateral protocerebrum,0.8524930460866951,0.023416134530816,0.017949288146323288
978,LAL_R_978,LAL_R,R,inferior/ventrolateral protocerebrum,-0.3111246688436223,0.023416134530816,0.017949288146323288
979,LAL_R_979,LAL_R,R,inferior/ventrolateral protocerebrum,-0.041977621819608,0.023416134530816,0.017949288146323288
980,LAL_R_980,LAL_R,R,inferior/ventrolateral protocerebrum,0.3630296876601672,0.023416134530816,0.017949288146323288
981,LAL_R_981,LAL_R,R,inferior/ventrolateral protocerebrum,-0.396818763554511,0.023416134530816,0.017949288146323288
982,LAL_R_982,LAL_R,R,inferior/ventrolateral protocerebrum,1.878840429233508,0.023416134530816,0.017949288146323288
824,LH_R_824,LH_R,R,olfactory system,1.626381618597078,0.015880788129262,0.014877675976599048
825,LH_R_825,LH_R,R,olfactory system,1.208064356913852,0.015880788129262,0.014877675976599048
826,LH_R_826,LH_R,R,olfactory system,-0.2726758599929169,0.015880788129262,0.014877675976599048
827,LH_R_827,LH_R,R,olfactory system,1.0066462620404624,0.015880788129262,0.014877675976599048
828,LH_R_828,LH_R,R,olfactory system,0.0518727902456829,0.015880788129262,0.014877675976599048
829,LH_R_829,LH_R,R,olfactory system,-0.9122441796127418,0.015880788129262,0.014877675976599048
830,LH_R_830,LH_R,R,olfactory system,-0.0217084936716956,0.015880788129262,0.014877675976599048
831,LH_R_831,LH_R,R,olfactory system,0.907561461541884,0.015880788129262,0.014877675976599048
832,LH_R_832,LH_R,R,olfactory system,-0.5424957706915866,0.015880788129262,0.014877675976599048
833,LH_R_833,LH_R,R,olfactory system,-0.425942557209146,0.015880788129262,0.014877675976599048
834,LH_R_834,LH_R,R,olfactory system,0.9168199755768895,0.015880788129262,0.014877675976599048
835,LH_R_835,LH_R,R,olfactory system,-1.8781304979578333,0.015880788129262,0.014877675976599048
836,LH_R_836,LH_R,R,olfactory system,0.5896034879303345,0.015880788129262,0.014877675976599048
837,LH_R_837,LH_R,R,olfactory system,1.6475824913006667,0.015880788129262,0.014877675976599048
633,LO_R_633,LO_R,R,optic/lateral protocerebrum,-2.0748998052078997,0.0119475088678664,0.01237342945600445
634,LO_R_634,LO_R,R,optic/lateral protocerebrum,-0.7748136680116054,0.0119475088678664,0.01237342945600445
635,LO_R_635,LO_R,R,optic/lateral protocerebrum,-1.7677102666512026,0.0119475088678664,0.01237342945600445
636,LO_R_636,LO_R,R,optic/lateral protocerebrum,-0.6931371659454805,0.0119475088678664,0.01237342945600445
637,LO_R_637,LO_R,R,optic/lateral protocerebrum,,0.0119475088678664,0.01237342945600445
638,LO_R_638,LO_R,R,optic/lateral protocerebrum,0.0808112457205921,0.0119475088678664,0.01237342945600445
639,LO_R_639,LO_R,R,optic/lateral protocerebrum,-1.929728227924104,0.0119475088678664,0.01237342945600445
640,LO_R_640,LO_R,R,optic/lateral protocerebrum,,0.0119475088678664,0.01237342945600445
641,LO_R_641,LO_R,R,optic/lateral protocerebrum,,0.0119475088678664,0.01237342945600445
642,LO_R_642,LO_R,R,optic/lateral protocerebrum,-1.484024177413247,0.0119475088678664,0.01237342945600445
643,LO_R_643,LO_R,R,optic/lateral protocerebrum,-0.4872687148144455,0.0119475088678664,0.01237342945600445
644,LO_R_644,LO_R,R,optic/lateral protocerebrum,-0.9486949578322866,0.0119475088678664,0.01237342945600445
645,LO_R_645,LO_R,R,optic/lateral protocerebrum,-1.0562525514214105,0.0119475088678664,0.01237342945600445
646,LO_R_646,LO_R,R,optic/lateral protocerebrum,-1.2594231364781472,0.0119475088678664,0.01237342945600445
647,LO_R_647,LO_R,R,optic/lateral protocerebrum,-0.669577576655378,0.0119475088678664,0.01237342945600445
648,LO_R_648,LO_R,R,optic/lateral protocerebrum,-1.212017904241943,0.0119475088678664,0.01237342945600445
649,LO_R_649,LO_R,R,optic/lateral protocerebrum,-0.992942491938089,0.0119475088678664,0.01237342945600445
650,LO_R_650,LO_R,R,optic/lateral protocerebrum,-0.6510601904386484,0.0119475088678664,0.01237342945600445
651,LO_R_651,LO_R,R,optic/lateral protocerebrum,-1.272487292147322,0.0119475088678664,0.01237342945600445
652,LO_R_652,LO_R,R,optic/lateral protocerebrum,-2.025377432441655,0.0119475088678664,0.01237342945600445
653,LO_R_653,LO_R,R,optic/lateral protocerebrum,,0.0119475088678664,0.01237342945600445
654,LO_R_654,LO_R,R,optic/lateral protocerebrum,,0.0119475088678664,0.01237342945600445
655,LO_R_655,LO_R,R,optic/lateral protocerebrum,-1.524334632997017,0.0119475088678664,0.01237342945600445
656,LO_R_656,LO_R,R,optic/lateral protocerebrum,,0.0119475088678664,0.01237342945600445
657,LO_R_657,LO_R,R,optic/lateral protocerebrum,,0.0119475088678664,0.01237342945600445
658,LO_R_658,LO_R,R,optic/lateral protocerebrum,-2.375712922309684,0.0119475088678664,0.01237342945600445
659,LO_R_659,LO_R,R,optic/lateral protocerebrum,-1.6839528764581546,0.0119475088678664,0.01237342945600445
660,LO_R_660,LO_R,R,optic/lateral protocerebrum,-2.420828719802599,0.0119475088678664,0.01237342945600445
661,LO_R_661,LO_R,R,optic/lateral protocerebrum,-0.8553321799594814,0.0119475088678664,0.01237342945600445
662,LO_R_662,LO_R,R,optic/lateral protocerebrum,0.0343315358884533,0.0119475088678664,0.01237342945600445
663,LO_R_663,LO_R,R,optic/lateral protocerebrum,-1.468189292296648,0.0119475088678664,0.01237342945600445
664,LO_R_664,LO_R,R,optic/lateral protocerebrum,-2.123088889753516,0.0119475088678664,0.01237342945600445
665,LO_R_665,LO_R,R,optic/lateral protocerebrum,-1.245287239974785,0.0119475088678664,0.01237342945600445
666,LO_R_666,LO_R,R,optic/lateral protocerebrum,-1.636643928539253,0.0119475088678664,0.01237342945600445
667,LO_R_667,LO_R,R,optic/lateral protocerebrum,-2.244304168835609,0.0119475088678664,0.01237342945600445
668,LO_R_668,LO_R,R,optic/lateral protocerebrum,,0.0119475088678664,0.01237342945600445
669,LO_R_669,LO_R,R,optic/lateral protocerebrum,-2.252234248854463,0.0119475088678664,0.01237342945600445
670,LO_R_670,LO_R,R,optic/lateral protocerebrum,-1.918513086592032,0.0119475088678664,0.01237342945600445
671,LO_R_671,LO_R,R,optic/lateral protocerebrum,-1.1216179043394503,0.0119475088678664,0.01237342945600445
672,LO_R_672,LO_R,R,optic/lateral protocerebrum,-1.6110636790266684,0.0119475088678664,0.01237342945600445
712,MB_R_712,MB_R,R,mushroom body,1.965221991832617,0.0541119400368117,0.010106777576456807
713,MB_R_713,MB_R,R,mushroom body,0.4814780046254665,0.0541119400368117,0.010106777576456807
714,MB_R_714,MB_R,R,mushroom body,1.2511068694524108,0.0541119400368117,0.010106777576456807
715,MB_R_715,MB_R,R,mushroom body,1.0199554492494525,0.0541119400368117,0.010106777576456807
716,MB_R_716,MB_R,R,mushroom body,1.8474402967152668,0.0541119400368117,0.010106777576456807
717,MB_R_717,MB_R,R,mushroom body,0.6512092840849226,0.0541119400368117,0.010106777576456807
718,MB_R_718,MB_R,R,mushroom body,1.305186924230811,0.0541119400368117,0.010106777576456807
719,MB_R_719,MB_R,R,mushroom body,1.38669167014522,0.0541119400368117,0.010106777576456807
720,MB_R_720,MB_R,R,mushroom body,2.606770004140395,0.0541119400368117,0.010106777576456807
721,MB_R_721,MB_R,R,mushroom body,1.6434922603483817,0.0541119400368117,0.010106777576456807
722,MB_R_722,MB_R,R,mushroom body,1.546804353615972,0.0541119400368117,0.010106777576456807
723,MB_R_723,MB_R,R,mushroom body,1.7134150989888306,0.0541119400368117,0.010106777576456807
724,MB_R_724,MB_R,R,mushroom body,2.081164772058273,0.0541119400368117,0.010106777576456807
725,MB_R_725,MB_R,R,mushroom body,1.0390616998479392,0.0541119400368117,0.010106777576456807
726,MB_R_726,MB_R,R,mushroom body,0.9203366028356192,0.0541119400368117,0.010106777576456807
727,MB_R_727,MB_R,R,mushroom body,2.364689573139393,0.0541119400368117,0.010106777576456807
327,ME_R_327,ME_R,R,optic/lateral protocerebrum,-0.9605740888782128,0.0062167920089693,0.033232590552751164
328,ME_R_328,ME_R,R,optic/lateral protocerebrum,,0.0062167920089693,0.033232590552751164
329,ME_R_329,ME_R,R,optic/lateral protocerebrum,-0.4092386328517006,0.0062167920089693,0.033232590552751164
330,ME_R_330,ME_R,R,optic/lateral protocerebrum,-0.7438925461109085,0.0062167920089693,0.033232590552751164
331,ME_R_331,ME_R,R,optic/lateral protocerebrum,-0.5709071940111907,0.0062167920089693,0.033232590552751164
332,ME_R_332,ME_R,R,optic/lateral protocerebrum,-0.9049372418127094,0.0062167920089693,0.033232590552751164
333,ME_R_333,ME_R,R,optic/lateral protocerebrum,-0.5364256561158632,0.0062167920089693,0.033232590552751164
334,ME_R_334,ME_R,R,optic/lateral protocerebrum,,0.0062167920089693,0.033232590552751164
335,ME_R_335,ME_R,R,optic/lateral protocerebrum,,0.0062167920089693,0.033232590552751164
336,ME_R_336,ME_R,R,optic/lateral protocerebrum,,0.0062167920089693,0.033232590552751164
337,ME_R_337,ME_R,R,optic/lateral protocerebrum,,0.0062167920089693,0.033232590552751164
338,ME_R_338,ME_R,R,optic/lateral protocerebrum,,0.0062167920089693,0.033232590552751164
339,ME_R_339,ME_R,R,optic/lateral protocerebrum,,0.0062167920089693,0.033232590552751164
340,ME_R_340,ME_R,R,optic/lateral protocerebrum,,0.0062167920089693,0.033232590552751164
341,ME_R_341,ME_R,R,optic/lateral protocerebrum,,0.0062167920089693,0.033232590552751164
342,ME_R_342,ME_R,R,optic/lateral protocerebrum,,0.0062167920089693,0.033232590552751164
343,ME_R_343,ME_R,R,optic/lateral protocerebrum,,0.0062167920089693,0.033232590552751164
344,ME_R_344,ME_R,R,optic/lateral protocerebrum,,0.0062167920089693,0.033232590552751164
345,ME_R_345,ME_R,R,optic/lateral protocerebrum,,0.0062167920089693,0.033232590552751164
346,ME_R_346,ME_R,R,optic/lateral protocerebrum,,0.0062167920089693,0.033232590552751164
347,ME_R_347,ME_R,R,optic/lateral protocerebrum,,0.0062167920089693,0.033232590552751164
348,ME_R_348,ME_R,R,optic/lateral protocerebrum,,0.0062167920089693,0.033232590552751164
349,ME_R_349,ME_R,R,optic/lateral protocerebrum,,0.0062167920089693,0.033232590552751164
350,ME_R_350,ME_R,R,optic/lateral protocerebrum,,0.0062167920089693,0.033232590552751164
351,ME_R_351,ME_R,R,optic/lateral protocerebrum,,0.0062167920089693,0.033232590552751164
352,ME_R_352,ME_R,R,optic/lateral protocerebrum,,0.0062167920089693,0.033232590552751164
353,ME_R_353,ME_R,R,optic/lateral protocerebrum,,0.0062167920089693,0.033232590552751164
354,ME_R_354,ME_R,R,optic/lateral protocerebrum,,0.0062167920089693,0.033232590552751164
355,ME_R_355,ME_R,R,optic/lateral protocerebrum,,0.0062167920089693,0.033232590552751164
356,ME_R_356,ME_R,R,optic/lateral protocerebrum,,0.0062167920089693,0.033232590552751164
357,ME_R_357,ME_R,R,optic/lateral protocerebrum,,0.0062167920089693,0.033232590552751164
358,ME_R_358,ME_R,R,optic/lateral protocerebrum,,0.0062167920089693,0.033232590552751164
359,ME_R_359,ME_R,R,optic/lateral protocerebrum,,0.0062167920089693,0.033232590552751164
360,ME_R_360,ME_R,R,optic/lateral protocerebrum,,0.0062167920089693,0.033232590552751164
361,ME_R_361,ME_R,R,optic/lateral protocerebrum,,0.0062167920089693,0.033232590552751164
362,ME_R_362,ME_R,R,optic/lateral protocerebrum,-1.0054253185185935,0.0062167920089693,0.033232590552751164
363,ME_R_363,ME_R,R,optic/lateral protocerebrum,-1.8069655715242383,0.0062167920089693,0.033232590552751164
364,ME_R_364,ME_R,R,optic/lateral protocerebrum,,0.0062167920089693,0.033232590552751164
365,ME_R_365,ME_R,R,optic/lateral protocerebrum,,0.0062167920089693,0.033232590552751164
366,ME_R_366,ME_R,R,optic/lateral protocerebrum,,0.0062167920089693,0.033232590552751164
367,ME_R_367,ME_R,R,optic/lateral protocerebrum,,0.0062167920089693,0.033232590552751164
368,ME_R_368,ME_R,R,optic/lateral protocerebrum,,0.0062167920089693,0.033232590552751164
369,ME_R_369,ME_R,R,optic/lateral protocerebrum,,0.0062167920089693,0.033232590552751164
370,ME_R_370,ME_R,R,optic/lateral protocerebrum,,0.0062167920089693,0.033232590552751164
371,ME_R_371,ME_R,R,optic/lateral protocerebrum,-1.022840694315936,0.0062167920089693,0.033232590552751164
372,ME_R_372,ME_R,R,optic/lateral protocerebrum,,0.0062167920089693,0.033232590552751164
373,ME_R_373,ME_R,R,optic/lateral protocerebrum,-1.2880974652827772,0.0062167920089693,0.033232590552751164
374,ME_R_374,ME_R,R,optic/lateral protocerebrum,,0.0062167920089693,0.033232590552751164
375,ME_R_375,ME_R,R,optic/lateral protocerebrum,,0.0062167920089693,0.033232590552751164
376,ME_R_376,ME_R,R,optic/lateral protocerebrum,,0.0062167920089693,0.033232590552751164
377,ME_R_377,ME_R,R,optic/lateral protocerebrum,,0.0062167920089693,0.033232590552751164
378,ME_R_378,ME_R,R,optic/lateral protocerebrum,,0.0062167920089693,0.033232590552751164
379,ME_R_379,ME_R,R,optic/lateral protocerebrum,,0.0062167920089693,0.033232590552751164
380,ME_R_380,ME_R,R,optic/lateral protocerebrum,,0.0062167920089693,0.033232590552751164
381,ME_R_381,ME_R,R,optic/lateral protocerebrum,,0.0062167920089693,0.033232590552751164
382,ME_R_382,ME_R,R,optic/lateral protocerebrum,-1.6563105762329162,0.0062167920089693,0.033232590552751164
383,ME_R_383,ME_R,R,optic/lateral protocerebrum,,0.0062167920089693,0.033232590552751164
384,ME_R_384,ME_R,R,optic/lateral protocerebrum,,0.0062167920089693,0.033232590552751164
385,ME_R_385,ME_R,R,optic/lateral protocerebrum,-1.9094971056385688,0.0062167920089693,0.033232590552751164
386,ME_R_386,ME_R,R,optic/lateral protocerebrum,,0.0062167920089693,0.033232590552751164
387,ME_R_387,ME_R,R,optic/lateral protocerebrum,,0.0062167920089693,0.033232590552751164
388,ME_R_388,ME_R,R,optic/lateral protocerebrum,,0.0062167920089693,0.033232590552751164
389,ME_R_389,ME_R,R,optic/lateral protocerebrum,,0.0062167920089693,0.033232590552751164
390,ME_R_390,ME_R,R,optic/lateral protocerebrum,-1.967072203399346,0.0062167920089693,0.033232590552751164
391,ME_R_391,ME_R,R,optic/lateral protocerebrum,,0.0062167920089693,0.033232590552751164
392,ME_R_392,ME_R,R,optic/lateral protocerebrum,,0.0062167920089693,0.033232590552751164
393,ME_R_393,ME_R,R,optic/lateral protocerebrum,,0.0062167920089693,0.033232590552751164
394,ME_R_394,ME_R,R,optic/lateral protocerebrum,,0.0062167920089693,0.033232590552751164
395,ME_R_395,ME_R,R,optic/lateral protocerebrum,,0.0062167920089693,0.033232590552751164
396,ME_R_396,ME_R,R,optic/lateral protocerebrum,,0.0062167920089693,0.033232590552751164
397,ME_R_397,ME_R,R,optic/lateral protocerebrum,,0.0062167920089693,0.033232590552751164
398,ME_R_398,ME_R,R,optic/lateral protocerebrum,-1.978550654160828,0.0062167920089693,0.033232590552751164
399,ME_R_399,ME_R,R,optic/lateral protocerebrum,,0.0062167920089693,0.033232590552751164
400,ME_R_400,ME_R,R,optic/lateral protocerebrum,,0.0062167920089693,0.033232590552751164
401,ME_R_401,ME_R,R,optic/lateral protocerebrum,,0.0062167920089693,0.033232590552751164
402,ME_R_402,ME_R,R,optic/lateral protocerebrum,,0.0062167920089693,0.033232590552751164
403,ME_R_403,ME_R,R,optic/lateral protocerebrum,,0.0062167920089693,0.033232590552751164
404,ME_R_404,ME_R,R,optic/lateral protocerebrum,,0.0062167920089693,0.033232590552751164
405,ME_R_405,ME_R,R,optic/lateral protocerebrum,,0.0062167920089693,0.033232590552751164
406,ME_R_406,ME_R,R,optic/lateral protocerebrum,,0.0062167920089693,0.033232590552751164
407,ME_R_407,ME_R,R,optic/lateral protocerebrum,,0.0062167920089693,0.033232590552751164
408,ME_R_408,ME_R,R,optic/lateral protocerebrum,,0.0062167920089693,0.033232590552751164
409,ME_R_409,ME_R,R,optic/lateral protocerebrum,,0.0062167920089693,0.033232590552751164
410,ME_R_410,ME_R,R,optic/lateral protocerebrum,,0.0062167920089693,0.033232590552751164
411,ME_R_411,ME_R,R,optic/lateral protocerebrum,,0.0062167920089693,0.033232590552751164
412,ME_R_412,ME_R,R,optic/lateral protocerebrum,,0.0062167920089693,0.033232590552751164
413,ME_R_413,ME_R,R,optic/lateral protocerebrum,,0.0062167920089693,0.033232590552751164
414,ME_R_414,ME_R,R,optic/lateral protocerebrum,,0.0062167920089693,0.033232590552751164
415,ME_R_415,ME_R,R,optic/lateral protocerebrum,,0.0062167920089693,0.033232590552751164
416,ME_R_416,ME_R,R,optic/lateral protocerebrum,,0.0062167920089693,0.033232590552751164
417,ME_R_417,ME_R,R,optic/lateral protocerebrum,,0.0062167920089693,0.033232590552751164
418,ME_R_418,ME_R,R,optic/lateral protocerebrum,,0.0062167920089693,0.033232590552751164
419,ME_R_419,ME_R,R,optic/lateral protocerebrum,,0.0062167920089693,0.033232590552751164
420,ME_R_420,ME_R,R,optic/lateral protocerebrum,,0.0062167920089693,0.033232590552751164
421,ME_R_421,ME_R,R,optic/lateral protocerebrum,,0.0062167920089693,0.033232590552751164
422,ME_R_422,ME_R,R,optic/lateral protocerebrum,,0.0062167920089693,0.033232590552751164
423,ME_R_423,ME_R,R,optic/lateral protocerebrum,,0.0062167920089693,0.033232590552751164
424,ME_R_424,ME_R,R,optic/lateral protocerebrum,,0.0062167920089693,0.033232590552751164
425,ME_R_425,ME_R,R,optic/lateral protocerebrum,,0.0062167920089693,0.033232590552751164
426,ME_R_426,ME_R,R,optic/lateral protocerebrum,,0.0062167920089693,0.033232590552751164
427,ME_R_427,ME_R,R,optic/lateral protocerebrum,,0.0062167920089693,0.033232590552751164
428,ME_R_428,ME_R,R,optic/lateral protocerebrum,,0.0062167920089693,0.033232590552751164
429,ME_R_429,ME_R,R,optic/lateral protocerebrum,,0.0062167920089693,0.033232590552751164
430,ME_R_430,ME_R,R,optic/lateral protocerebrum,,0.0062167920089693,0.033232590552751164
431,ME_R_431,ME_R,R,optic/lateral protocerebrum,,0.0062167920089693,0.033232590552751164
432,ME_R_432,ME_R,R,optic/lateral protocerebrum,,0.0062167920089693,0.033232590552751164
433,ME_R_433,ME_R,R,optic/lateral protocerebrum,,0.0062167920089693,0.033232590552751164
434,ME_R_434,ME_R,R,optic/lateral protocerebrum,,0.0062167920089693,0.033232590552751164
435,ME_R_435,ME_R,R,optic/lateral protocerebrum,,0.0062167920089693,0.033232590552751164
436,ME_R_436,ME_R,R,optic/lateral protocerebrum,,0.0062167920089693,0.033232590552751164
437,ME_R_437,ME_R,R,optic/lateral protocerebrum,,0.0062167920089693,0.033232590552751164
438,ME_R_438,ME_R,R,optic/lateral protocerebrum,-0.765447145891336,0.0062167920089693,0.033232590552751164
439,ME_R_439,ME_R,R,optic/lateral protocerebrum,,0.0062167920089693,0.033232590552751164
440,ME_R_440,ME_R,R,optic/lateral protocerebrum,-0.963011318504552,0.0062167920089693,0.033232590552751164
441,ME_R_441,ME_R,R,optic/lateral protocerebrum,,0.0062167920089693,0.033232590552751164
442,ME_R_442,ME_R,R,optic/lateral protocerebrum,0.2980096090508171,0.0062167920089693,0.033232590552751164
443,ME_R_443,ME_R,R,optic/lateral protocerebrum,-0.8795232288366401,0.0062167920089693,0.033232590552751164
444,ME_R_444,ME_R,R,optic/lateral protocerebrum,,0.0062167920089693,0.033232590552751164
445,ME_R_445,ME_R,R,optic/lateral protocerebrum,-0.5845607575331673,0.0062167920089693,0.033232590552751164
446,ME_R_446,ME_R,R,optic/lateral protocerebrum,-1.185274578320448,0.0062167920089693,0.033232590552751164
447,ME_R_447,ME_R,R,optic/lateral protocerebrum,-0.2431102907771023,0.0062167920089693,0.033232590552751164
448,ME_R_448,ME_R,R,optic/lateral protocerebrum,-0.1977404763663299,0.0062167920089693,0.033232590552751164
449,ME_R_449,ME_R,R,optic/lateral protocerebrum,-0.1097842364621824,0.0062167920089693,0.033232590552751164
450,ME_R_450,ME_R,R,optic/lateral protocerebrum,-1.019040696382503,0.0062167920089693,0.033232590552751164
451,ME_R_451,ME_R,R,optic/lateral protocerebrum,-2.2137783346001174,0.0062167920089693,0.033232590552751164
452,ME_R_452,ME_R,R,optic/lateral protocerebrum,,0.0062167920089693,0.033232590552751164
453,ME_R_453,ME_R,R,optic/lateral protocerebrum,,0.0062167920089693,0.033232590552751164
454,ME_R_454,ME_R,R,optic/lateral protocerebrum,,0.0062167920089693,0.033232590552751164
455,ME_R_455,ME_R,R,optic/lateral protocerebrum,,0.0062167920089693,0.033232590552751164
772,OTU_R_772,AOTU_R,R,optic/lateral protocerebrum,0.0917415398088528,0.0151695582829394,0.015822859647289092
773,OTU_R_773,AOTU_R,R,optic/lateral protocerebrum,0.7904134824106052,0.0151695582829394,0.015822859647289092
774,OTU_R_774,AOTU_R,R,optic/lateral protocerebrum,0.5062382730678356,0.0151695582829394,0.015822859647289092
160,PLP_R_160,PLP_R,R,optic/lateral protocerebrum,-0.0280609335256604,0.0182239601527843,0.015276669772524098
161,PLP_R_161,PLP_R,R,optic/lateral protocerebrum,1.125885411595895,0.0182239601527843,0.015276669772524098
162,PLP_R_162,PLP_R,R,optic/lateral protocerebrum,-0.6366138100498202,0.0182239601527843,0.015276669772524098
163,PLP_R_163,PLP_R,R,optic/lateral protocerebrum,0.3687114821389275,0.0182239601527843,0.015276669772524098
164,PLP_R_164,PLP_R,R,optic/lateral protocerebrum,-1.028523466948195,0.0182239601527843,0.015276669772524098
165,PLP_R_165,PLP_R,R,optic/lateral protocerebrum,-0.5866514739592499,0.0182239601527843,0.015276669772524098
166,PLP_R_166,PLP_R,R,optic/lateral protocerebrum,0.1660853191230092,0.0182239601527843,0.015276669772524098
167,PLP_R_167,PLP_R,R,optic/lateral protocerebrum,-0.2640675043598616,0.0182239601527843,0.015276669772524098
168,PLP_R_168,PLP_R,R,optic/lateral protocerebrum,-0.5569071957488897,0.0182239601527843,0.015276669772524098
169,PLP_R_169,PLP_R,R,optic/lateral protocerebrum,-0.2933687082224657,0.0182239601527843,0.015276669772524098
170,PLP_R_170,PLP_R,R,optic/lateral protocerebrum,0.0530373168413435,0.0182239601527843,0.015276669772524098
171,PLP_R_171,PLP_R,R,optic/lateral protocerebrum,-0.7327908572225075,0.0182239601527843,0.015276669772524098
172,PLP_R_172,PLP_R,R,optic/lateral protocerebrum,-0.5089872510111627,0.0182239601527843,0.015276669772524098
173,PLP_R_173,PLP_R,R,optic/lateral protocerebrum,0.3012610289241185,0.0182239601527843,0.015276669772524098
174,PLP_R_174,PLP_R,R,optic/lateral protocerebrum,0.3622995541255887,0.0182239601527843,0.015276669772524098
744,PVLP_R_744,PVLP_R,R,optic/lateral protocerebrum,0.6253786217721036,0.0190223107650327,0.01223317310017227
745,PVLP_R_745,PVLP_R,R,optic/lateral protocerebrum,-1.2247953745531674,0.0190223107650327,0.01223317310017227
746,PVLP_R_746,PVLP_R,R,optic/lateral protocerebrum,-0.8722827703322971,0.0190223107650327,0.01223317310017227
747,PVLP_R_747,PVLP_R,R,optic/lateral protocerebrum,-0.150727279471857,0.0190223107650327,0.01223317310017227
748,PVLP_R_748,PVLP_R,R,optic/lateral protocerebrum,-1.0323486560135495,0.0190223107650327,0.01223317310017227
749,PVLP_R_749,PVLP_R,R,optic/lateral protocerebrum,-0.6102902995669457,0.0190223107650327,0.01223317310017227
750,PVLP_R_750,PVLP_R,R,optic/lateral protocerebrum,-0.8082940603016074,0.0190223107650327,0.01223317310017227
751,PVLP_R_751,PVLP_R,R,optic/lateral protocerebrum,-0.8012773954217859,0.0190223107650327,0.01223317310017227
752,PVLP_R_752,PVLP_R,R,optic/lateral protocerebrum,-0.5334351920453948,0.0190223107650327,0.01223317310017227
753,PVLP_R_753,PVLP_R,R,optic/lateral protocerebrum,-0.1982309326142513,0.0190223107650327,0.01223317310017227
754,PVLP_R_754,PVLP_R,R,optic/lateral protocerebrum,-0.4538471529176786,0.0190223107650327,0.01223317310017227
755,PVLP_R_755,PVLP_R,R,optic/lateral protocerebrum,-0.696095634986132,0.0190223107650327,0.01223317310017227
756,PVLP_R_756,PVLP_R,R,optic/lateral protocerebrum,-0.8585282489750428,0.0190223107650327,0.01223317310017227
757,PVLP_R_757,PVLP_R,R,optic/lateral protocerebrum,-0.7348148329342448,0.0190223107650327,0.01223317310017227
758,PVLP_R_758,PVLP_R,R,optic/lateral protocerebrum,-0.7617990259967812,0.0190223107650327,0.01223317310017227
759,PVLP_R_759,PVLP_R,R,optic/lateral protocerebrum,-0.5835724491830282,0.0190223107650327,0.01223317310017227
760,PVLP_R_760,PVLP_R,R,optic/lateral protocerebrum,0.059497569999554,0.0190223107650327,0.01223317310017227
896,SIP_R_896,SIP_R,R,superior protocerebrum,0.1377061512184446,0.0113351905713117,0.012996304293207741
897,SIP_R_897,SIP_R,R,superior protocerebrum,0.3358340454901451,0.0113351905713117,0.012996304293207741
898,SIP_R_898,SIP_R,R,superior protocerebrum,0.462124687536914,0.0113351905713117,0.012996304293207741
899,SIP_R_899,SIP_R,R,superior protocerebrum,0.3390001011130201,0.0113351905713117,0.012996304293207741
900,SIP_R_900,SIP_R,R,superior protocerebrum,0.7842665588435862,0.0113351905713117,0.012996304293207741
901,SIP_R_901,SIP_R,R,superior protocerebrum,0.886794490840347,0.0113351905713117,0.012996304293207741
849,SLP_R_849,SLP_R,R,superior protocerebrum,0.6256189550090195,0.0215671447223606,0.016252020438284505
850,SLP_R_850,SLP_R,R,superior protocerebrum,-0.1836307779293214,0.0215671447223606,0.016252020438284505
851,SLP_R_851,SLP_R,R,superior protocerebrum,0.0521779059249074,0.0215671447223606,0.016252020438284505
852,SLP_R_852,SLP_R,R,superior protocerebrum,0.7807281501496931,0.0215671447223606,0.016252020438284505
853,SLP_R_853,SLP_R,R,superior protocerebrum,0.6658401341690195,0.0215671447223606,0.016252020438284505
854,SLP_R_854,SLP_R,R,superior protocerebrum,0.2184884435352712,0.0215671447223606,0.016252020438284505
855,SLP_R_855,SLP_R,R,superior protocerebrum,0.3493783784806666,0.0215671447223606,0.016252020438284505
856,SLP_R_856,SLP_R,R,superior protocerebrum,-0.1916594184690406,0.0215671447223606,0.016252020438284505
857,SLP_R_857,SLP_R,R,superior protocerebrum,-0.465558663376358,0.0215671447223606,0.016252020438284505
858,SLP_R_858,SLP_R,R,superior protocerebrum,-0.0108993912678879,0.0215671447223606,0.016252020438284505
859,SLP_R_859,SLP_R,R,superior protocerebrum,-0.1951424924663528,0.0215671447223606,0.016252020438284505
860,SLP_R_860,SLP_R,R,superior protocerebrum,0.4842724669801407,0.0215671447223606,0.016252020438284505
861,SLP_R_861,SLP_R,R,superior protocerebrum,0.5295288880930512,0.0215671447223606,0.016252020438284505
862,SLP_R_862,SLP_R,R,superior protocerebrum,-0.26772366997202,0.0215671447223606,0.016252020438284505
863,SLP_R_863,SLP_R,R,superior protocerebrum,-0.0599708119622603,0.0215671447223606,0.016252020438284505
864,SLP_R_864,SLP_R,R,superior protocerebrum,0.6172538337656798,0.0215671447223606,0.016252020438284505
865,SLP_R_865,SLP_R,R,superior protocerebrum,-0.729586731983863,0.0215671447223606,0.016252020438284505
866,SLP_R_866,SLP_R,R,superior protocerebrum,-0.3598039790326403,0.0215671447223606,0.016252020438284505
867,SLP_R_867,SLP_R,R,superior protocerebrum,-0.1798406051098008,0.0215671447223606,0.016252020438284505
868,SLP_R_868,SLP_R,R,superior protocerebrum,-0.2186447470422509,0.0215671447223606,0.016252020438284505
869,SLP_R_869,SLP_R,R,superior protocerebrum,-0.2795208550636939,0.0215671447223606,0.016252020438284505
870,SLP_R_870,SLP_R,R,superior protocerebrum,0.9572986831378232,0.0215671447223606,0.016252020438284505
781,SMP_R_781,SMP_R,R,superior protocerebrum,-0.1332552020974781,0.0249790898738309,0.013177057874510425
782,SMP_R_782,SMP_R,R,superior protocerebrum,0.3153894778939243,0.0249790898738309,0.013177057874510425
783,SMP_R_783,SMP_R,R,superior protocerebrum,0.1804120234186361,0.0249790898738309,0.013177057874510425
784,SMP_R_784,SMP_R,R,superior protocerebrum,-0.17290966897457,0.0249790898738309,0.013177057874510425
785,SMP_R_785,SMP_R,R,superior protocerebrum,-0.0689104305416193,0.0249790898738309,0.013177057874510425
786,SMP_R_786,SMP_R,R,superior protocerebrum,0.4904394767505158,0.0249790898738309,0.013177057874510425
787,SMP_R_787,SMP_R,R,superior protocerebrum,0.4718153747960729,0.0249790898738309,0.013177057874510425
788,SMP_R_788,SMP_R,R,superior protocerebrum,-0.3005079580817396,0.0249790898738309,0.013177057874510425
789,SMP_R_789,SMP_R,R,superior protocerebrum,-0.3711772620855701,0.0249790898738309,0.013177057874510425
790,SMP_R_790,SMP_R,R,superior protocerebrum,-0.1805585293776168,0.0249790898738309,0.013177057874510425
791,SMP_R_791,SMP_R,R,superior protocerebrum,0.1640454469809097,0.0249790898738309,0.013177057874510425
792,SMP_R_792,SMP_R,R,superior protocerebrum,0.085870962096809,0.0249790898738309,0.013177057874510425
793,SMP_R_793,SMP_R,R,superior protocerebrum,-0.0009049946028736,0.0249790898738309,0.013177057874510425
794,SMP_R_794,SMP_R,R,superior protocerebrum,0.2314641073381906,0.0249790898738309,0.013177057874510425
795,SMP_R_795,SMP_R,R,superior protocerebrum,0.7385518113436025,0.0249790898738309,0.013177057874510425
796,SMP_R_796,SMP_R,R,superior protocerebrum,-0.0445267627088315,0.0249790898738309,0.013177057874510425
797,SMP_R_797,SMP_R,R,superior protocerebrum,-0.1499911308859893,0.0249790898738309,0.013177057874510425
798,SMP_R_798,SMP_R,R,superior protocerebrum,0.1780190290816113,0.0249790898738309,0.013177057874510425
799,SMP_R_799,SMP_R,R,superior protocerebrum,-0.4884384557132495,0.0249790898738309,0.013177057874510425
800,SMP_R_800,SMP_R,R,superior protocerebrum,0.0136383134906781,0.0249790898738309,0.013177057874510425
801,SMP_R_801,SMP_R,R,superior protocerebrum,0.8570806202947775,0.0249790898738309,0.013177057874510425
947,SPS_R_947,SPS_R,R,superior protocerebrum,-0.4776320524899611,0.0185531881136671,0.0152241052283389
948,SPS_R_948,SPS_R,R,superior protocerebrum,-0.3616851346450788,0.0185531881136671,0.0152241052283389
949,SPS_R_949,SPS_R,R,superior protocerebrum,-0.5971644669380656,0.0185531881136671,0.0152241052283389
950,SPS_R_950,SPS_R,R,superior protocerebrum,-0.9114447079117493,0.0185531881136671,0.0152241052283389
951,SPS_R_951,SPS_R,R,superior protocerebrum,0.3889006315723209,0.0185531881136671,0.0152241052283389
952,SPS_R_952,SPS_R,R,superior protocerebrum,-0.6558680471331355,0.0185531881136671,0.0152241052283389
953,SPS_R_953,SPS_R,R,superior protocerebrum,-0.566763539366771,0.0185531881136671,0.0152241052283389
954,SPS_R_954,SPS_R,R,superior protocerebrum,-0.8485946477665136,0.0185531881136671,0.0152241052283389
955,SPS_R_955,SPS_R,R,superior protocerebrum,-0.3754385111026971,0.0185531881136671,0.0152241052283389
956,SPS_R_956,SPS_R,R,superior protocerebrum,0.6725538263836214,0.0185531881136671,0.0152241052283389
957,SPS_R_957,SPS_R,R,superior protocerebrum,0.8246015402989646,0.0185531881136671,0.0152241052283389
958,SPS_R_958,SPS_R,R,superior protocerebrum,-0.1779905756388024,0.0185531881136671,0.0152241052283389
146,VES_R_146,VES_R,R,inferior/ventrolateral protocerebrum,0.5835708295958247,0.0197899974539006,0.018204721064087638
147,VES_R_147,VES_R,R,inferior/ventrolateral protocerebrum,1.1055620186147628,0.0197899974539006,0.018204721064087638
148,VES_R_148,VES_R,R,inferior/ventrolateral protocerebrum,1.0965232492888135,0.0197899974539006,0.018204721064087638
149,VES_R_149,VES_R,R,inferior/ventrolateral protocerebrum,0.7433468815545845,0.0197899974539006,0.018204721064087638
150,VES_R_150,VES_R,R,inferior/ventrolateral protocerebrum,0.2977985020246949,0.0197899974539006,0.018204721064087638
151,VES_R_151,VES_R,R,inferior/ventrolateral protocerebrum,2.088655860235705,0.0197899974539006,0.018204721064087638
779,WED_R_779,WED_R,R,optic/lateral protocerebrum,0.2417826843686117,0.012935449669569,0.010994027905107959
989,AME_L_989,AME_L,L,optic/lateral protocerebrum,-1.097930582526791,0.003772548406603,0.010071454503311057
159,ATL_L_159,ATL_L,L,inferior/ventrolateral protocerebrum,0.5685176499858919,0.0081194081525082,0.009741950957809373
216,AVLP_L_216,AVLP_L,L,optic/lateral protocerebrum,0.62987268958821,0.017506590080857,0.00953802605777814
217,AVLP_L_217,AVLP_L,L,optic/lateral protocerebrum,1.8812382250711808,0.017506590080857,0.00953802605777814
218,AVLP_L_218,AVLP_L,L,optic/lateral protocerebrum,0.9125837671607514,0.017506590080857,0.00953802605777814
219,AVLP_L_219,AVLP_L,L,optic/lateral protocerebrum,-0.1793295574284124,0.017506590080857,0.00953802605777814
220,AVLP_L_220,AVLP_L,L,optic/lateral protocerebrum,0.1900325422580121,0.017506590080857,0.00953802605777814
221,AVLP_L_221,AVLP_L,L,optic/lateral protocerebrum,-0.2604721641475895,0.017506590080857,0.00953802605777814
222,AVLP_L_222,AVLP_L,L,optic/lateral protocerebrum,-0.3700983353539656,0.017506590080857,0.00953802605777814
223,AVLP_L_223,AVLP_L,L,optic/lateral protocerebrum,-0.7899000291915705,0.017506590080857,0.00953802605777814
224,AVLP_L_224,AVLP_L,L,optic/lateral protocerebrum,0.0675511821867147,0.017506590080857,0.00953802605777814
225,AVLP_L_225,AVLP_L,L,optic/lateral protocerebrum,0.0385257358619138,0.017506590080857,0.00953802605777814
226,AVLP_L_226,AVLP_L,L,optic/lateral protocerebrum,-0.4757922232304913,0.017506590080857,0.00953802605777814
227,AVLP_L_227,AVLP_L,L,optic/lateral protocerebrum,-0.0582780590590491,0.017506590080857,0.00953802605777814
228,AVLP_L_228,AVLP_L,L,optic/lateral protocerebrum,0.715101067075094,0.017506590080857,0.00953802605777814
229,AVLP_L_229,AVLP_L,L,optic/lateral protocerebrum,-0.1534179969150861,0.017506590080857,0.00953802605777814
230,AVLP_L_230,AVLP_L,L,optic/lateral protocerebrum,-0.5936369354891293,0.017506590080857,0.00953802605777814
231,AVLP_L_231,AVLP_L,L,optic/lateral protocerebrum,-0.3865126532401284,0.017506590080857,0.00953802605777814
232,AVLP_L_232,AVLP_L,L,optic/lateral protocerebrum,-0.467889364008964,0.017506590080857,0.00953802605777814
233,AVLP_L_233,AVLP_L,L,optic/lateral protocerebrum,-0.319367913322037,0.017506590080857,0.00953802605777814
234,AVLP_L_234,AVLP_L,L,optic/lateral protocerebrum,0.4066837835371206,0.017506590080857,0.00953802605777814
235,AVLP_L_235,AVLP_L,L,optic/lateral protocerebrum,-0.0797592183700181,0.017506590080857,0.00953802605777814
236,AVLP_L_236,AVLP_L,L,optic/lateral protocerebrum,-0.4622546638275008,0.017506590080857,0.00953802605777814
237,AVLP_L_237,AVLP_L,L,optic/lateral protocerebrum,1.532521798428771,0.017506590080857,0.00953802605777814
238,AVLP_L_238,AVLP_L,L,optic/lateral protocerebrum,0.4210661152654902,0.017506590080857,0.00953802605777814
239,AVLP_L_239,AVLP_L,L,optic/lateral protocerebrum,-0.2038810329753067,0.017506590080857,0.00953802605777814
240,AVLP_L_240,AVLP_L,L,optic/lateral protocerebrum,1.237063892783198,0.017506590080857,0.00953802605777814
241,AVLP_L_241,AVLP_L,L,optic/lateral protocerebrum,2.366595188672734,0.017506590080857,0.00953802605777814
242,AVLP_L_242,AVLP_L,L,optic/lateral protocerebrum,0.1316651512481831,0.017506590080857,0.00953802605777814
243,AVLP_L_243,AVLP_L,L,optic/lateral protocerebrum,-0.4555827198093303,0.017506590080857,0.00953802605777814
244,AVLP_L_244,AVLP_L,L,optic/lateral protocerebrum,-0.3668775505145695,0.017506590080857,0.00953802605777814
245,AVLP_L_245,AVLP_L,L,optic/lateral protocerebrum,-0.1942085265954551,0.017506590080857,0.00953802605777814
246,AVLP_L_246,AVLP_L,L,optic/lateral protocerebrum,1.7020417430074963,0.017506590080857,0.00953802605777814
247,AVLP_L_247,AVLP_L,L,optic/lateral protocerebrum,-0.4318724707724903,0.017506590080857,0.00953802605777814
248,AVLP_L_248,AVLP_L,L,optic/lateral protocerebrum,2.561747779985049,0.017506590080857,0.00953802605777814
249,AVLP_L_249,AVLP_L,L,optic/lateral protocerebrum,0.15225571828039,0.017506590080857,0.00953802605777814
134,CRE_L_134,CRE_L,L,inferior/ventrolateral protocerebrum,0.9001410131526385,0.0207756652701866,0.01674659356944055
135,CRE_L_135,CRE_L,L,inferior/ventrolateral protocerebrum,-0.688108931217609,0.0207756652701866,0.01674659356944055
136,CRE_L_136,CRE_L,L,inferior/ventrolateral protocerebrum,0.3382178860053039,0.0207756652701866,0.01674659356944055
137,CRE_L_137,CRE_L,L,inferior/ventrolateral protocerebrum,0.7901729256532718,0.0207756652701866,0.01674659356944055
138,CRE_L_138,CRE_L,L,inferior/ventrolateral protocerebrum,0.4157857866649166,0.0207756652701866,0.01674659356944055
139,CRE_L_139,CRE_L,L,inferior/ventrolateral protocerebrum,0.4165066841555206,0.0207756652701866,0.01674659356944055
140,CRE_L_140,CRE_L,L,inferior/ventrolateral protocerebrum,0.5791746443000225,0.0207756652701866,0.01674659356944055
141,CRE_L_141,CRE_L,L,inferior/ventrolateral protocerebrum,0.1800263906016648,0.0207756652701866,0.01674659356944055
142,CRE_L_142,CRE_L,L,inferior/ventrolateral protocerebrum,0.4888623641757938,0.0207756652701866,0.01674659356944055
143,CRE_L_143,CRE_L,L,inferior/ventrolateral protocerebrum,1.3384311990628577,0.0207756652701866,0.01674659356944055
145,EPA_L_145,EPA_L,L,inferior/ventrolateral protocerebrum,-0.3460378507426254,0.0641271040364944,0.009860043556074718
913,IB_L_913,IB_L,L,inferior/ventrolateral protocerebrum,-0.0422816394857059,0.0356146528386148,0.014122320317332604
914,IB_L_914,IB_L,L,inferior/ventrolateral protocerebrum,-0.2882670063769031,0.0356146528386148,0.014122320317332604
915,IB_L_915,IB_L,L,inferior/ventrolateral protocerebrum,0.2479870166289225,0.0356146528386148,0.014122320317332604
319,ICL_L_319,ICL_L,L,optic/lateral protocerebrum,-0.1825705865985802,0.0141316259929802,0.015155787165333877
320,ICL_L_320,ICL_L,L,optic/lateral protocerebrum,-0.0094711808583933,0.0141316259929802,0.015155787165333877
321,ICL_L_321,ICL_L,L,optic/lateral protocerebrum,-0.4706264079005602,0.0141316259929802,0.015155787165333877
322,ICL_L_322,ICL_L,L,optic/lateral protocerebrum,-0.6129567443704149,0.0141316259929802,0.015155787165333877
323,ICL_L_323,ICL_L,L,optic/lateral protocerebrum,0.7295059255972939,0.0141316259929802,0.015155787165333877
324,ICL_L_324,ICL_L,L,optic/lateral protocerebrum,-0.2899885507324368,0.0141316259929802,0.015155787165333877
325,ICL_L_325,ICL_L,L,optic/lateral protocerebrum,0.2439137866699413,0.0141316259929802,0.015155787165333877
326,ICL_L_326,ICL_L,L,optic/lateral protocerebrum,0.3827645176705269,0.0141316259929802,0.015155787165333877
983,LAL_L_983,LAL_L,L,inferior/ventrolateral protocerebrum,0.6341986071162858,0.0372312491272941,0.01613310253708444
984,LAL_L_984,LAL_L,L,inferior/ventrolateral protocerebrum,0.4048792784167483,0.0372312491272941,0.01613310253708444
985,LAL_L_985,LAL_L,L,inferior/ventrolateral protocerebrum,1.6451010757788156,0.0372312491272941,0.01613310253708444
986,LAL_L_986,LAL_L,L,inferior/ventrolateral protocerebrum,1.0351455382736987,0.0372312491272941,0.01613310253708444
987,LAL_L_987,LAL_L,L,inferior/ventrolateral protocerebrum,1.7630309085132692,0.0372312491272941,0.01613310253708444
838,LH_L_838,LH_L,L,olfactory system,-0.4644936059114949,0.0154207396394683,0.01385910043300772
839,LH_L_839,LH_L,L,olfactory system,1.5663421782468612,0.0154207396394683,0.01385910043300772
840,LH_L_840,LH_L,L,olfactory system,0.2814926946017985,0.0154207396394683,0.01385910043300772
841,LH_L_841,LH_L,L,olfactory system,-1.3298874447211884,0.0154207396394683,0.01385910043300772
842,LH_L_842,LH_L,L,olfactory system,1.4951904793378337,0.0154207396394683,0.01385910043300772
843,LH_L_843,LH_L,L,olfactory system,0.3257938740634453,0.0154207396394683,0.01385910043300772
844,LH_L_844,LH_L,L,olfactory system,-0.4224187861385826,0.0154207396394683,0.01385910043300772
845,LH_L_845,LH_L,L,olfactory system,-0.5946032935513822,0.0154207396394683,0.01385910043300772
846,LH_L_846,LH_L,L,olfactory system,0.3676971386431473,0.0154207396394683,0.01385910043300772
847,LH_L_847,LH_L,L,olfactory system,1.3313585323333614,0.0154207396394683,0.01385910043300772
848,LH_L_848,LH_L,L,olfactory system,0.4473859572528319,0.0154207396394683,0.01385910043300772
728,MB_L_728,MB_L,L,mushroom body,1.128147551509303,0.1238445491944881,0.005498511986447606
729,MB_L_729,MB_L,L,mushroom body,2.1291108039330484,0.1238445491944881,0.005498511986447606
730,MB_L_730,MB_L,L,mushroom body,0.4755094233244778,0.1238445491944881,0.005498511986447606
731,MB_L_731,MB_L,L,mushroom body,0.9170988400657754,0.1238445491944881,0.005498511986447606
732,MB_L_732,MB_L,L,mushroom body,0.526539036321786,0.1238445491944881,0.005498511986447606
733,MB_L_733,MB_L,L,mushroom body,2.513958241530644,0.1238445491944881,0.005498511986447606
734,MB_L_734,MB_L,L,mushroom body,2.1001878517077466,0.1238445491944881,0.005498511986447606
735,MB_L_735,MB_L,L,mushroom body,0.5603011279893834,0.1238445491944881,0.005498511986447606
736,MB_L_736,MB_L,L,mushroom body,2.050732244497355,0.1238445491944881,0.005498511986447606
737,MB_L_737,MB_L,L,mushroom body,1.1317855434516133,0.1238445491944881,0.005498511986447606
738,MB_L_738,MB_L,L,mushroom body,2.302074480632266,0.1238445491944881,0.005498511986447606
739,MB_L_739,MB_L,L,mushroom body,0.8008451180930438,0.1238445491944881,0.005498511986447606
740,MB_L_740,MB_L,L,mushroom body,0.945140199270363,0.1238445491944881,0.005498511986447606
741,MB_L_741,MB_L,L,mushroom body,0.3729693173204561,0.1238445491944881,0.005498511986447606
742,MB_L_742,MB_L,L,mushroom body,0.2649281990335868,0.1238445491944881,0.005498511986447606
743,MB_L_743,MB_L,L,mushroom body,1.9136950740958765,0.1238445491944881,0.005498511986447606
456,ME_L_456,ME_L,L,optic/lateral protocerebrum,,0.0137407167826744,0.017711260047523377
457,ME_L_457,ME_L,L,optic/lateral protocerebrum,,0.0137407167826744,0.017711260047523377
458,ME_L_458,ME_L,L,optic/lateral protocerebrum,,0.0137407167826744,0.017711260047523377
459,ME_L_459,ME_L,L,optic/lateral protocerebrum,,0.0137407167826744,0.017711260047523377
460,ME_L_460,ME_L,L,optic/lateral protocerebrum,,0.0137407167826744,0.017711260047523377
461,ME_L_461,ME_L,L,optic/lateral protocerebrum,,0.0137407167826744,0.017711260047523377
462,ME_L_462,ME_L,L,optic/lateral protocerebrum,,0.0137407167826744,0.017711260047523377
463,ME_L_463,ME_L,L,optic/lateral protocerebrum,,0.0137407167826744,0.017711260047523377
464,ME_L_464,ME_L,L,optic/lateral protocerebrum,,0.0137407167826744,0.017711260047523377
465,ME_L_465,ME_L,L,optic/lateral protocerebrum,,0.0137407167826744,0.017711260047523377
466,ME_L_466,ME_L,L,optic/lateral protocerebrum,,0.0137407167826744,0.017711260047523377
467,ME_L_467,ME_L,L,optic/lateral protocerebrum,,0.0137407167826744,0.017711260047523377
468,ME_L_468,ME_L,L,optic/lateral protocerebrum,,0.0137407167826744,0.017711260047523377
469,ME_L_469,ME_L,L,optic/lateral protocerebrum,,0.0137407167826744,0.017711260047523377
470,ME_L_470,ME_L,L,optic/lateral protocerebrum,,0.0137407167826744,0.017711260047523377
471,ME_L_471,ME_L,L,optic/lateral protocerebrum,,0.0137407167826744,0.017711260047523377
472,ME_L_472,ME_L,L,optic/lateral protocerebrum,,0.0137407167826744,0.017711260047523377
473,ME_L_473,ME_L,L,optic/lateral protocerebrum,,0.0137407167826744,0.017711260047523377
474,ME_L_474,ME_L,L,optic/lateral protocerebrum,,0.0137407167826744,0.017711260047523377
475,ME_L_475,ME_L,L,optic/lateral protocerebrum,,0.0137407167826744,0.017711260047523377
476,ME_L_476,ME_L,L,optic/lateral protocerebrum,,0.0137407167826744,0.017711260047523377
477,ME_L_477,ME_L,L,optic/lateral protocerebrum,,0.0137407167826744,0.017711260047523377
478,ME_L_478,ME_L,L,optic/lateral protocerebrum,,0.0137407167826744,0.017711260047523377
479,ME_L_479,ME_L,L,optic/lateral protocerebrum,,0.0137407167826744,0.017711260047523377
480,ME_L_480,ME_L,L,optic/lateral protocerebrum,-2.251390418834716,0.0137407167826744,0.017711260047523377
481,ME_L_481,ME_L,L,optic/lateral protocerebrum,-1.9153824529175156,0.0137407167826744,0.017711260047523377
482,ME_L_482,ME_L,L,optic/lateral protocerebrum,,0.0137407167826744,0.017711260047523377
483,ME_L_483,ME_L,L,optic/lateral protocerebrum,-2.1833089312115224,0.0137407167826744,0.017711260047523377
484,ME_L_484,ME_L,L,optic/lateral protocerebrum,,0.0137407167826744,0.017711260047523377
485,ME_L_485,ME_L,L,optic/lateral protocerebrum,,0.0137407167826744,0.017711260047523377
486,ME_L_486,ME_L,L,optic/lateral protocerebrum,,0.0137407167826744,0.017711260047523377
487,ME_L_487,ME_L,L,optic/lateral protocerebrum,,0.0137407167826744,0.017711260047523377
488,ME_L_488,ME_L,L,optic/lateral protocerebrum,,0.0137407167826744,0.017711260047523377
489,ME_L_489,ME_L,L,optic/lateral protocerebrum,,0.0137407167826744,0.017711260047523377
490,ME_L_490,ME_L,L,optic/lateral protocerebrum,,0.0137407167826744,0.017711260047523377
491,ME_L_491,ME_L,L,optic/lateral protocerebrum,-0.6734397081754789,0.0137407167826744,0.017711260047523377
492,ME_L_492,ME_L,L,optic/lateral protocerebrum,-1.015299265321512,0.0137407167826744,0.017711260047523377
493,ME_L_493,ME_L,L,optic/lateral protocerebrum,-1.8614832562343924,0.0137407167826744,0.017711260047523377
494,ME_L_494,ME_L,L,optic/lateral protocerebrum,-1.812236618810778,0.0137407167826744,0.017711260047523377
495,ME_L_495,ME_L,L,optic/lateral protocerebrum,-2.072178147723884,0.0137407167826744,0.017711260047523377
496,ME_L_496,ME_L,L,optic/lateral protocerebrum,-1.4817661446124983,0.0137407167826744,0.017711260047523377
497,ME_L_497,ME_L,L,optic/lateral protocerebrum,-1.579880280348407,0.0137407167826744,0.017711260047523377
498,ME_L_498,ME_L,L,optic/lateral protocerebrum,-0.682745039780183,0.0137407167826744,0.017711260047523377
499,ME_L_499,ME_L,L,optic/lateral protocerebrum,,0.0137407167826744,0.017711260047523377
500,ME_L_500,ME_L,L,optic/lateral protocerebrum,,0.0137407167826744,0.017711260047523377
501,ME_L_501,ME_L,L,optic/lateral protocerebrum,,0.0137407167826744,0.017711260047523377
502,ME_L_502,ME_L,L,optic/lateral protocerebrum,,0.0137407167826744,0.017711260047523377
503,ME_L_503,ME_L,L,optic/lateral protocerebrum,,0.0137407167826744,0.017711260047523377
504,ME_L_504,ME_L,L,optic/lateral protocerebrum,,0.0137407167826744,0.017711260047523377
505,ME_L_505,ME_L,L,optic/lateral protocerebrum,,0.0137407167826744,0.017711260047523377
506,ME_L_506,ME_L,L,optic/lateral protocerebrum,,0.0137407167826744,0.017711260047523377
507,ME_L_507,ME_L,L,optic/lateral protocerebrum,,0.0137407167826744,0.017711260047523377
508,ME_L_508,ME_L,L,optic/lateral protocerebrum,,0.0137407167826744,0.017711260047523377
509,ME_L_509,ME_L,L,optic/lateral protocerebrum,,0.0137407167826744,0.017711260047523377
510,ME_L_510,ME_L,L,optic/lateral protocerebrum,,0.0137407167826744,0.017711260047523377
511,ME_L_511,ME_L,L,optic/lateral protocerebrum,,0.0137407167826744,0.017711260047523377
512,ME_L_512,ME_L,L,optic/lateral protocerebrum,,0.0137407167826744,0.017711260047523377
513,ME_L_513,ME_L,L,optic/lateral protocerebrum,,0.0137407167826744,0.017711260047523377
514,ME_L_514,ME_L,L,optic/lateral protocerebrum,,0.0137407167826744,0.017711260047523377
515,ME_L_515,ME_L,L,optic/lateral protocerebrum,,0.0137407167826744,0.017711260047523377
516,ME_L_516,ME_L,L,optic/lateral protocerebrum,,0.0137407167826744,0.017711260047523377
517,ME_L_517,ME_L,L,optic/lateral protocerebrum,,0.0137407167826744,0.017711260047523377
518,ME_L_518,ME_L,L,optic/lateral protocerebrum,,0.0137407167826744,0.017711260047523377
519,ME_L_519,ME_L,L,optic/lateral protocerebrum,-2.2830492019475472,0.0137407167826744,0.017711260047523377
520,ME_L_520,ME_L,L,optic/lateral protocerebrum,,0.0137407167826744,0.017711260047523377
521,ME_L_521,ME_L,L,optic/lateral protocerebrum,,0.0137407167826744,0.017711260047523377
522,ME_L_522,ME_L,L,optic/lateral protocerebrum,,0.0137407167826744,0.017711260047523377
523,ME_L_523,ME_L,L,optic/lateral protocerebrum,,0.0137407167826744,0.017711260047523377
524,ME_L_524,ME_L,L,optic/lateral protocerebrum,,0.0137407167826744,0.017711260047523377
525,ME_L_525,ME_L,L,optic/lateral protocerebrum,-2.9927988603158395,0.0137407167826744,0.017711260047523377
526,ME_L_526,ME_L,L,optic/lateral protocerebrum,,0.0137407167826744,0.017711260047523377
527,ME_L_527,ME_L,L,optic/lateral protocerebrum,,0.0137407167826744,0.017711260047523377
528,ME_L_528,ME_L,L,optic/lateral protocerebrum,,0.0137407167826744,0.017711260047523377
529,ME_L_529,ME_L,L,optic/lateral protocerebrum,,0.0137407167826744,0.017711260047523377
530,ME_L_530,ME_L,L,optic/lateral protocerebrum,,0.0137407167826744,0.017711260047523377
531,ME_L_531,ME_L,L,optic/lateral protocerebrum,-1.7525025527675098,0.0137407167826744,0.017711260047523377
532,ME_L_532,ME_L,L,optic/lateral protocerebrum,,0.0137407167826744,0.017711260047523377
533,ME_L_533,ME_L,L,optic/lateral protocerebrum,,0.0137407167826744,0.017711260047523377
534,ME_L_534,ME_L,L,optic/lateral protocerebrum,,0.0137407167826744,0.017711260047523377
535,ME_L_535,ME_L,L,optic/lateral protocerebrum,,0.0137407167826744,0.017711260047523377
536,ME_L_536,ME_L,L,optic/lateral protocerebrum,,0.0137407167826744,0.017711260047523377
537,ME_L_537,ME_L,L,optic/lateral protocerebrum,,0.0137407167826744,0.017711260047523377
538,ME_L_538,ME_L,L,optic/lateral protocerebrum,,0.0137407167826744,0.017711260047523377
539,ME_L_539,ME_L,L,optic/lateral protocerebrum,,0.0137407167826744,0.017711260047523377
540,ME_L_540,ME_L,L,optic/lateral protocerebrum,,0.0137407167826744,0.017711260047523377
541,ME_L_541,ME_L,L,optic/lateral protocerebrum,,0.0137407167826744,0.017711260047523377
542,ME_L_542,ME_L,L,optic/lateral protocerebrum,,0.0137407167826744,0.017711260047523377
543,ME_L_543,ME_L,L,optic/lateral protocerebrum,,0.0137407167826744,0.017711260047523377
544,ME_L_544,ME_L,L,optic/lateral protocerebrum,,0.0137407167826744,0.017711260047523377
545,ME_L_545,ME_L,L,optic/lateral protocerebrum,-1.4280596279457904,0.0137407167826744,0.017711260047523377
546,ME_L_546,ME_L,L,optic/lateral protocerebrum,-0.8926654612276717,0.0137407167826744,0.017711260047523377
547,ME_L_547,ME_L,L,optic/lateral protocerebrum,,0.0137407167826744,0.017711260047523377
548,ME_L_548,ME_L,L,optic/lateral protocerebrum,,0.0137407167826744,0.017711260047523377
549,ME_L_549,ME_L,L,optic/lateral protocerebrum,-2.01460795894801,0.0137407167826744,0.017711260047523377
550,ME_L_550,ME_L,L,optic/lateral protocerebrum,-1.316261388905504,0.0137407167826744,0.017711260047523377
551,ME_L_551,ME_L,L,optic/lateral protocerebrum,-2.656006621596355,0.0137407167826744,0.017711260047523377
552,ME_L_552,ME_L,L,optic/lateral protocerebrum,,0.0137407167826744,0.017711260047523377
553,ME_L_553,ME_L,L,optic/lateral protocerebrum,,0.0137407167826744,0.017711260047523377
554,ME_L_554,ME_L,L,optic/lateral protocerebrum,,0.0137407167826744,0.017711260047523377
555,ME_L_555,ME_L,L,optic/lateral protocerebrum,,0.0137407167826744,0.017711260047523377
556,ME_L_556,ME_L,L,optic/lateral protocerebrum,,0.0137407167826744,0.017711260047523377
557,ME_L_557,ME_L,L,optic/lateral protocerebrum,,0.0137407167826744,0.017711260047523377
558,ME_L_558,ME_L,L,optic/lateral protocerebrum,,0.0137407167826744,0.017711260047523377
559,ME_L_559,ME_L,L,optic/lateral protocerebrum,,0.0137407167826744,0.017711260047523377
560,ME_L_560,ME_L,L,optic/lateral protocerebrum,,0.0137407167826744,0.017711260047523377
561,ME_L_561,ME_L,L,optic/lateral protocerebrum,-1.653382552670347,0.0137407167826744,0.017711260047523377
562,ME_L_562,ME_L,L,optic/lateral protocerebrum,,0.0137407167826744,0.017711260047523377
563,ME_L_563,ME_L,L,optic/lateral protocerebrum,,0.0137407167826744,0.017711260047523377
564,ME_L_564,ME_L,L,optic/lateral protocerebrum,,0.0137407167826744,0.017711260047523377
565,ME_L_565,ME_L,L,optic/lateral protocerebrum,,0.0137407167826744,0.017711260047523377
566,ME_L_566,ME_L,L,optic/lateral protocerebrum,,0.0137407167826744,0.017711260047523377
567,ME_L_567,ME_L,L,optic/lateral protocerebrum,,0.0137407167826744,0.017711260047523377
568,ME_L_568,ME_L,L,optic/lateral protocerebrum,,0.0137407167826744,0.017711260047523377
569,ME_L_569,ME_L,L,optic/lateral protocerebrum,-2.207836495588249,0.0137407167826744,0.017711260047523377
570,ME_L_570,ME_L,L,optic/lateral protocerebrum,,0.0137407167826744,0.017711260047523377
571,ME_L_571,ME_L,L,optic/lateral protocerebrum,,0.0137407167826744,0.017711260047523377
572,ME_L_572,ME_L,L,optic/lateral protocerebrum,,0.0137407167826744,0.017711260047523377
573,ME_L_573,ME_L,L,optic/lateral protocerebrum,,0.0137407167826744,0.017711260047523377
574,ME_L_574,ME_L,L,optic/lateral protocerebrum,,0.0137407167826744,0.017711260047523377
575,ME_L_575,ME_L,L,optic/lateral protocerebrum,,0.0137407167826744,0.017711260047523377
576,ME_L_576,ME_L,L,optic/lateral protocerebrum,,0.0137407167826744,0.017711260047523377
577,ME_L_577,ME_L,L,optic/lateral protocerebrum,,0.0137407167826744,0.017711260047523377
578,ME_L_578,ME_L,L,optic/lateral protocerebrum,,0.0137407167826744,0.017711260047523377
579,ME_L_579,ME_L,L,optic/lateral protocerebrum,,0.0137407167826744,0.017711260047523377
580,ME_L_580,ME_L,L,optic/lateral protocerebrum,-2.196508094650456,0.0137407167826744,0.017711260047523377
581,ME_L_581,ME_L,L,optic/lateral protocerebrum,,0.0137407167826744,0.017711260047523377
582,ME_L_582,ME_L,L,optic/lateral protocerebrum,,0.0137407167826744,0.017711260047523377
583,ME_L_583,ME_L,L,optic/lateral protocerebrum,,0.0137407167826744,0.017711260047523377
584,ME_L_584,ME_L,L,optic/lateral protocerebrum,,0.0137407167826744,0.017711260047523377
585,ME_L_585,ME_L,L,optic/lateral protocerebrum,,0.0137407167826744,0.017711260047523377
586,ME_L_586,ME_L,L,optic/lateral protocerebrum,,0.0137407167826744,0.017711260047523377
775,OTU_L_775,AOTU_L,L,optic/lateral protocerebrum,0.0264668232867401,0.0275586782600697,0.022708055461024463
776,OTU_L_776,AOTU_L,L,optic/lateral protocerebrum,0.368502060276701,0.0275586782600697,0.022708055461024463
777,OTU_L_777,AOTU_L,L,optic/lateral protocerebrum,0.7307221113783038,0.0275586782600697,0.022708055461024463
778,OTU_L_778,AOTU_L,L,optic/lateral protocerebrum,0.8180704776483512,0.0275586782600697,0.022708055461024463
175,PLP_L_175,PLP_L,L,optic/lateral protocerebrum,0.0988566432616682,0.0247627492367811,0.018968858136262316
176,PLP_L_176,PLP_L,L,optic/lateral protocerebrum,0.2475017216203242,0.0247627492367811,0.018968858136262316
177,PLP_L_177,PLP_L,L,optic/lateral protocerebrum,0.1249530067379879,0.0247627492367811,0.018968858136262316
178,PLP_L_178,PLP_L,L,optic/lateral protocerebrum,0.771276062459503,0.0247627492367811,0.018968858136262316
179,PLP_L_179,PLP_L,L,optic/lateral protocerebrum,0.6665718632014505,0.0247627492367811,0.018968858136262316
180,PLP_L_180,PLP_L,L,optic/lateral protocerebrum,-0.4547646835014819,0.0247627492367811,0.018968858136262316
181,PLP_L_181,PLP_L,L,optic/lateral protocerebrum,-0.2508373771831143,0.0247627492367811,0.018968858136262316
182,PLP_L_182,PLP_L,L,optic/lateral protocerebrum,-0.5216941592759301,0.0247627492367811,0.018968858136262316
183,PLP_L_183,PLP_L,L,optic/lateral protocerebrum,0.7695916097437951,0.0247627492367811,0.018968858136262316
184,PLP_L_184,PLP_L,L,optic/lateral protocerebrum,-0.0058216268619412,0.0247627492367811,0.018968858136262316
185,PLP_L_185,PLP_L,L,optic/lateral protocerebrum,-0.2567354829818194,0.0247627492367811,0.018968858136262316
186,PLP_L_186,PLP_L,L,optic/lateral protocerebrum,0.4253401286519932,0.0247627492367811,0.018968858136262316
187,PLP_L_187,PLP_L,L,optic/lateral protocerebrum,0.6557986289008432,0.0247627492367811,0.018968858136262316
761,PVLP_L_761,PVLP_L,L,optic/lateral protocerebrum,-0.0920713936470574,0.0210877228173999,0.011229879676197969
762,PVLP_L_762,PVLP_L,L,optic/lateral protocerebrum,0.5308459912441563,0.0210877228173999,0.011229879676197969
763,PVLP_L_763,PVLP_L,L,optic/lateral protocerebrum,-0.2373785962123537,0.0210877228173999,0.011229879676197969
764,PVLP_L_764,PVLP_L,L,optic/lateral protocerebrum,-0.1576411523830615,0.0210877228173999,0.011229879676197969
765,PVLP_L_765,PVLP_L,L,optic/lateral protocerebrum,-0.1602809100053711,0.0210877228173999,0.011229879676197969
766,PVLP_L_766,PVLP_L,L,optic/lateral protocerebrum,-0.3089381611032667,0.0210877228173999,0.011229879676197969
767,PVLP_L_767,PVLP_L,L,optic/lateral protocerebrum,-0.4876820794774572,0.0210877228173999,0.011229879676197969
768,PVLP_L_768,PVLP_L,L,optic/lateral protocerebrum,0.0052095385798689,0.0210877228173999,0.011229879676197969
769,PVLP_L_769,PVLP_L,L,optic/lateral protocerebrum,0.1526469136242305,0.0210877228173999,0.011229879676197969
770,PVLP_L_770,PVLP_L,L,optic/lateral protocerebrum,-0.1770061671334518,0.0210877228173999,0.011229879676197969
771,PVLP_L_771,PVLP_L,L,optic/lateral protocerebrum,0.3953106546990824,0.0210877228173999,0.011229879676197969
902,SIP_L_902,SIP_L,L,superior protocerebrum,0.2126947024596658,0.026564468898378,0.012279425076091132
903,SIP_L_903,SIP_L,L,superior protocerebrum,0.0487256922554933,0.026564468898378,0.012279425076091132
904,SIP_L_904,SIP_L,L,superior protocerebrum,0.3484437455938849,0.026564468898378,0.012279425076091132
905,SIP_L_905,SIP_L,L,superior protocerebrum,0.431019602687031,0.026564468898378,0.012279425076091132
906,SIP_L_906,SIP_L,L,superior protocerebrum,0.4849580721618062,0.026564468898378,0.012279425076091132
907,SIP_L_907,SIP_L,L,superior protocerebrum,-0.0432841789055584,0.026564468898378,0.012279425076091132
908,SIP_L_908,SIP_L,L,superior protocerebrum,1.0039330992975115,0.026564468898378,0.012279425076091132
802,SMP_L_802,SMP_L,L,superior protocerebrum,0.0023106272398616,0.0283202025188532,0.013279784424377602
803,SMP_L_803,SMP_L,L,superior protocerebrum,0.4492011618452343,0.0283202025188532,0.013279784424377602
804,SMP_L_804,SMP_L,L,superior protocerebrum,0.2068152745762957,0.0283202025188532,0.013279784424377602
805,SMP_L_805,SMP_L,L,superior protocerebrum,0.3274997528543862,0.0283202025188532,0.013279784424377602
806,SMP_L_806,SMP_L,L,superior protocerebrum,0.1843728485822666,0.0283202025188532,0.013279784424377602
807,SMP_L_807,SMP_L,L,superior protocerebrum,0.3485569984653774,0.0283202025188532,0.013279784424377602
808,SMP_L_808,SMP_L,L,superior protocerebrum,-0.2919640107011804,0.0283202025188532,0.013279784424377602
809,SMP_L_809,SMP_L,L,superior protocerebrum,0.233173050437697,0.0283202025188532,0.013279784424377602
810,SMP_L_810,SMP_L,L,superior protocerebrum,-0.0620832180651076,0.0283202025188532,0.013279784424377602
811,SMP_L_811,SMP_L,L,superior protocerebrum,-0.450262180212393,0.0283202025188532,0.013279784424377602
812,SMP_L_812,SMP_L,L,superior protocerebrum,0.4701310833640532,0.0283202025188532,0.013279784424377602
813,SMP_L_813,SMP_L,L,superior protocerebrum,-0.0468849314534103,0.0283202025188532,0.013279784424377602
814,SMP_L_814,SMP_L,L,superior protocerebrum,0.3488240872104261,0.0283202025188532,0.013279784424377602
815,SMP_L_815,SMP_L,L,superior protocerebrum,0.7800295114204125,0.0283202025188532,0.013279784424377602
816,SMP_L_816,SMP_L,L,superior protocerebrum,-0.114290756852494,0.0283202025188532,0.013279784424377602
817,SMP_L_817,SMP_L,L,superior protocerebrum,0.480794397970235,0.0283202025188532,0.013279784424377602
818,SMP_L_818,SMP_L,L,superior protocerebrum,-0.4562580858949505,0.0283202025188532,0.013279784424377602
819,SMP_L_819,SMP_L,L,superior protocerebrum,0.2196151330424491,0.0283202025188532,0.013279784424377602
820,SMP_L_820,SMP_L,L,superior protocerebrum,-0.4102237840055093,0.0283202025188532,0.013279784424377602
821,SMP_L_821,SMP_L,L,superior protocerebrum,0.0717479728182362,0.0283202025188532,0.013279784424377602
822,SMP_L_822,SMP_L,L,superior protocerebrum,-0.1145694454135324,0.0283202025188532,0.013279784424377602
823,SMP_L_823,SMP_L,L,superior protocerebrum,0.8800983380735802,0.0283202025188532,0.013279784424377602
959,SPS_L_959,SPS_L,L,superior protocerebrum,0.0592932832361888,0.0174081044878027,0.013835469105571813
960,SPS_L_960,SPS_L,L,superior protocerebrum,-0.6245423489478876,0.0174081044878027,0.013835469105571813
961,SPS_L_961,SPS_L,L,superior protocerebrum,-0.1674643573556044,0.0174081044878027,0.013835469105571813
962,SPS_L_962,SPS_L,L,superior protocerebrum,-0.5801044666026915,0.0174081044878027,0.013835469105571813
963,SPS_L_963,SPS_L,L,superior protocerebrum,-1.0231969873337865,0.0174081044878027,0.013835469105571813
964,SPS_L_964,SPS_L,L,superior protocerebrum,-0.8472127740573736,0.0174081044878027,0.013835469105571813
965,SPS_L_965,SPS_L,L,superior protocerebrum,0.065188587773448,0.0174081044878027,0.013835469105571813
966,SPS_L_966,SPS_L,L,superior protocerebrum,-0.2142164279628456,0.0174081044878027,0.013835469105571813
967,SPS_L_967,SPS_L,L,superior protocerebrum,0.2195602037712268,0.0174081044878027,0.013835469105571813
968,SPS_L_968,SPS_L,L,superior protocerebrum,-0.7442107776647514,0.0174081044878027,0.013835469105571813
969,SPS_L_969,SPS_L,L,superior protocerebrum,0.6446228684047276,0.0174081044878027,0.013835469105571813
970,SPS_L_970,SPS_L,L,superior protocerebrum,-0.6512945663112254,0.0174081044878027,0.013835469105571813
971,SPS_L_971,SPS_L,L,superior protocerebrum,1.010465545965851,0.0174081044878027,0.013835469105571813
972,SPS_L_972,SPS_L,L,superior protocerebrum,-0.910471367730972,0.0174081044878027,0.013835469105571813
973,SPS_L_973,SPS_L,L,superior protocerebrum,-0.1558609109870795,0.0174081044878027,0.013835469105571813
152,VES_L_152,VES_L,L,inferior/ventrolateral protocerebrum,0.927216011266338,0.0256192691445413,0.018189403192400533
153,VES_L_153,VES_L,L,inferior/ventrolateral protocerebrum,1.4311797882139716,0.0256192691445413,0.018189403192400533
154,VES_L_154,VES_L,L,inferior/ventrolateral protocerebrum,0.9215913718012866,0.0256192691445413,0.018189403192400533
155,VES_L_155,VES_L,L,inferior/ventrolateral protocerebrum,0.3523492784905139,0.0256192691445413,0.018189403192400533
156,VES_L_156,VES_L,L,inferior/ventrolateral protocerebrum,1.194052513994175,0.0256192691445413,0.018189403192400533
157,VES_L_157,VES_L,L,inferior/ventrolateral protocerebrum,2.015936556045581,0.0256192691445413,0.018189403192400533
37,NO_37,NO,midline,central complex,0.3166352446231476,0.0034522715914941,0.01001541219654627
112,PB_112,PB,midline,central complex,2.149864826688456,0.0033217601035986,0.006839137398887653
