Region,RegionID,Division,PostDCA,MeanFCShift,SEMFCShift,MeanStimulusFCV,SEMStimulusFCV,SpontaneousFCV,SpontaneousFCVSEM,RawPostDCA,PanelAFCVMeanSubjectZ,PanelAFCVStdSubjectZ,PanelARawFCVMean,PanelARawFCVStd,StdStimulusFCV,MeanStimulusFCVZ,StdStimulusFCVZ,StdFCShift
lOB,20,Tel,0.8396904821626903,1.6595543974518843,0.1216082778029517,1.4961726339047294,0.24900784981461607,1.407260957732723,0.1622191769252595,-0.0070683173926655175,1.4961726339047294,0.32485536287924016,0.3616277804313252,0.013551879046141899,1.1410973204136736,3.5797090640703866,1.846579253222542,0.5572791381652442
lP,22,Tel,1.231407127758574,2.3727403280904906,0.23702264659251585,0.3758659824837253,0.23753874357829463,1.2922096000009429,0.1071623516678424,0.029068668918880772,0.3758659824837253,0.434291383288669,0.2509957495146828,0.05430835982196516,1.0885392729322405,0.8992885138269334,1.4007536504380127,1.0861742194289707
lPO,25,Tel,1.597289572572563,2.3987294697783006,0.25319867935122986,0.17269492097516037,0.23233087810944672,0.9733100039812468,0.1388052780395144,0.06282237596333104,0.1726949209751604,0.24416418760003328,0.23481973293534297,0.046823112272692986,1.0646738352120984,0.41318599199366535,1.1983141827036436,1.160302113989863
lSP,28,Tel,1.3712731940440055,2.440357025474108,0.2130166006065938,0.542578171311081,0.2360422722419604,1.4765675127635711,0.1218009247175998,0.041971715495106164,0.542578171311081,0.5239501418775334,0.2609953397674008,0.06406583268099776,1.0816815797581574,1.298160355159048,1.342583011695639,0.9761646965618921
rP,58,Tel,1.6274838194004198,2.1087052436651397,0.1746601612459732,0.6561894508188841,0.21298114107479796,1.2982368475377868,0.1454383662575662,0.0656078820085129,0.6561894508188841,0.3582102166947253,0.27754941445653203,0.0523391752460712,0.9760022005733299,1.5699841526397695,0.44615372665390557,0.8003934098028647
rPO,61,Tel,1.5828504374539252,2.302729862667375,0.2147722894463488,0.30483310122826407,0.2281053489812759,1.2095911411369262,0.1869331205226928,0.061490324251974614,0.30483310122826407,0.1046344602727676,0.24580126886625075,0.04142630842551981,1.0453100281310148,0.7293368363834056,1.0340599651705988,0.9842102735668585
rSP,64,Tel,0.8449219250677052,2.2252481585782524,0.17883280830522838,0.3916422485052682,0.23098783667194436,1.5901980902059074,0.1573915279049385,-0.006585701750022654,0.3916422485052682,0.5072746865864447,0.25231873140922073,0.060777794620817976,1.0585192461632817,0.9370344538306047,1.1461076509912729,0.8195148808002366
lHb,16,Di,2.367608420229504,2.2124522985195005,0.21929233497124054,0.1894264595349072,0.20235734453928614,0.688355786679715,0.4100946013080273,0.1338865034807077,0.1894264595349072,0.14156677750576957,0.2509671876474233,0.009192778019066788,0.9273178487815373,0.45321749563229075,0.033186892385233396,1.0049237243293216
lPT,24,Di,0.4045887279983318,2.123048089085244,0.24268148295770428,-0.20001971914950328,0.21027026058537623,-0.146528824990624,0.2327952173781821,-0.04720770465421214,-0.20001971914950334,0.5073205980938117,0.22103830001279878,0.05466592044332849,0.963579385530576,-0.4785626908330974,0.34077673359355654,1.1121062654178155
lPrT,26,Di,-0.760839251044076,2.1251658279168764,0.19969371353823132,-0.36554303807652894,0.15135618822330013,-0.2249750146314621,0.1474511244595018,-0.15472178504689657,-0.36554303807652894,0.49553043297788957,0.2032067320670514,0.05189389883004825,0.6936011894332565,-0.874590068724449,-1.9493234086593942,0.9151115580957726
lTh,30,Di,-0.2793243646397808,2.000648947949576,0.1984089352338594,-0.11839610722719772,0.1908989808499549,0.1275469599346741,0.1460482092578269,-0.11030065294941335,-0.11839610722719769,0.5748770831165156,0.227103858679318,0.0610086817143324,0.8748090298348437,-0.28327186889239453,-0.41222112751282824,0.9092239642647516
rHb,52,Di,1.269284446459516,2.1964377525257763,0.24429065277546697,0.4743653261007167,0.22460740434749513,1.1480136115116517,0.205383125051762,0.03256296042475187,0.47436532610071663,0.3125111237915423,0.2551081759893612,0.0391016963217141,1.0292804320699498,1.1349558326646738,0.898088317273264,1.1194804079137513
rPT,60,Di,0.6955220273189893,2.080625286307757,0.21021941392751325,0.15535548899521817,0.18975096976643369,0.4012921943085344,0.2522781759693626,-0.020368271678035166,0.15535548899521817,0.48432123420524226,0.24591969420758983,0.051497666187627966,0.8695481821459594,0.3717000562013232,-0.45684646472465995,0.9633463768720832
rPrT,62,Di,-0.8729101402526896,2.0052328002786433,0.22443435284403576,-0.2795788724576561,0.19120430354652707,0.2378858084610249,0.2020162814297511,-0.16506064665716522,-0.27957887245765606,0.5885728407788767,0.21073427693509447,0.05828743821029266,0.8762081942032737,-0.6689141354278894,-0.4003526634461159,1.0284874104562214
rTh,66,Di,0.1226794801102152,1.8236016378711464,0.1876255850101946,0.16587953312648795,0.1919986940467945,0.8470166820932488,0.1365227401728208,-0.07321464295149603,0.16587953312648798,0.37266682639028875,0.2454459984013868,0.04673226645749706,0.8798485488021031,0.39687964799018227,-0.36947321945714584,0.8598084456195886
lTeO,29,Mes,-0.2210299497159543,2.030133845404945,0.1931178660741628,0.45023629815380317,0.21319189666982108,-0.123694117080411,0.1827945599103247,-0.10492282564024359,0.4502362981538032,0.47216452859460883,0.26337924123483186,0.0497745718654528,0.9769680040406589,1.0772252619461387,0.4543461906746713,0.8849772393331956
lTS,32,Mes,-0.038289558822681,1.8017407575414874,0.13578061060442204,0.46418139295418265,0.22531919997913538,-0.1451661456376836,0.1787669650592895,-0.08806449940232937,0.46418139295418265,0.07424171566799462,0.2927035065486084,0.005088745558540068,1.0325422894312801,1.110589982784508,0.9257571442940161,0.6222249260020875
rTeO,65,Mes,-0.9360345644680328,1.8889625578993694,0.1633623806617343,0.4135396416588918,0.20917323399153823,0.3291686936736772,0.0538013572794782,-0.17088405620445166,0.41353964165889184,0.6165060460697223,0.27144410189927276,0.06567051752421794,0.9585521781249339,0.9894256652290954,0.2981332588195935,0.7486204750905876
rTS,68,Mes,-0.0707917864782934,1.958917190455551,0.19058079085494983,-0.0625564897654659,0.19997874768910945,-0.9031832522676868,0.2539060876018486,-0.09106292331178288,-0.06255648976546589,0.4580949994606618,0.23861457376386944,0.0463339754727824,0.9164177486678192,-0.149671253407061,-0.05927361435879661,0.8733509000973553
lMON,0,Hind,-0.1885718314625819,2.153674162806504,0.21939952574932384,0.6022702922679756,0.19324916233777736,-0.3204615603628129,0.1547181526901582,-0.10192847094991282,0.6022702922679756,0.2423705390894022,0.27877191264674456,0.011654345665904054,0.8855789143996741,1.4409783840420622,-0.32086517903069495,1.005414934183689
lCb,1,Hind,-0.2315640970792312,2.276720933758477,0.1975086540870217,-0.24299284922035264,0.21862170007046972,-0.3064418235522952,0.0738611071634927,-0.10589463100861507,-0.2429928492203526,0.6562338024137653,0.20955616010831238,0.0539221741088439,1.00185048913286,-0.5813792373599673,0.6654128007675679,0.905098357762626
lMOS1,2,Hind,0.2022953258935894,2.1238916361848057,0.20408100231675558,-0.5204410546692638,0.1920499869522364,0.1672359187219975,0.2668663349552008,-0.06586985236982613,-0.5204410546692638,0.6720019106979231,0.19319775529832606,0.056847465791304196,0.8800836024239047,-1.2451955867230131,-0.36747936832210454,0.9352166410189906
lMOS2,3,Hind,-0.0071471653109744,2.353980093136405,0.24327374116062164,-0.38761186030394496,0.16056470498868575,-0.1531201634033081,0.412018165034836,-0.0851915241006815,-0.3876118603039449,0.47405557826739414,0.20030699502554183,0.052450122085349556,0.735799914548906,-0.9273914374773743,-1.5913711451536172,1.114820333463643
lMOS3,4,Hind,-0.5280442068802194,2.1778178100452186,0.257966308463588,-0.44035249146439764,0.2092677840150559,0.6931808994638551,0.2246590381930662,-0.13324577319259334,-0.44035249146439764,0.7699873101961395,0.20208318774138267,0.06251794975326012,0.9589854607646634,-1.0535774878913182,0.30180859501053037,1.1821501352827193
lMOS4,5,Hind,0.1781221791123736,2.17930163733534,0.22595017334852738,-0.3284269151752991,0.1922513907039474,-0.2285665566306825,0.2276428502971972,-0.0680998946316528,-0.32842691517529904,0.49068685962194797,0.2036233620984719,0.05044449516185614,0.8810065503613684,-0.7857868660980712,-0.3596504279356897,1.0354337726580203
lMOS5,6,Hind,0.0790485777784951,2.0925209676296768,0.18256894624067851,0.0807590120995098,0.16547095100472883,0.0648988029922958,0.181619911234111,-0.07723971908254301,0.08075901209950981,0.4390983785080065,0.2390542975060389,0.04538446979363707,0.7582831582954992,0.19322219980959338,-1.4006561894768985,0.8366360156962326
lRa,10,Hind,-0.0735911725310707,2.3186895301124175,0.23309273675269526,0.14390094864515088,0.23280661250724674,-0.1189038434310151,0.1862351687508112,-0.0913211747203133,0.14390094864515088,0.3081782879895844,0.24265990794118933,0.04046893552556056,1.0668539241007111,0.3442941800432469,1.2168068682097593,1.0681651101136411
lT,11,Hind,-0.7772193815657938,1.9830333044295292,0.18077700170891334,-0.3960468010008964,0.19423403252329496,0.137416698315938,0.0929572693490265,-0.15623289916241803,-0.3960468010008964,0.698594262439391,0.20296059245906387,0.061991657300202736,0.8900921565745137,-0.947572687276718,-0.2825814335429798,0.8284242942382566
laRF,12,Hind,-0.564318946902863,2.2921472692037073,0.21049502815922483,-0.23448122313018718,0.20772805444308945,-0.2432499802343466,0.2326771622165673,-0.13659222220973705,-0.23448122313018718,0.3875652093277707,0.21354673462877805,0.03462993510330484,0.9519295334513652,-0.561014511809932,0.24195642777075124,0.964609399951509
limRF,13,Hind,-1.4314709184810288,2.145181399837255,0.2054912083663622,-0.23456231127880375,0.16577926936041226,-0.4097472894142533,0.2682948296152562,-0.2165894836977738,-0.2345623112788037,0.3672296728745954,0.2074535998876302,0.03878356860065322,0.7596960504985627,-0.5612085214943853,-1.3886712785396558,0.9416790169867976
lpRF,14,Hind,-0.6214145198808102,2.4535885686227794,0.21979580894135772,-0.1591393951559944,0.1786650607137472,0.3858873382488884,0.49708943424715,-0.14185945290404495,-0.15913939515599437,0.6688590749265074,0.2137302843556342,0.058120191433209185,0.8187461647646275,-0.38075334515633624,-0.887776476531196,1.0072309319078236
lNX,35,Hind,0.5159242026090447,2.4067198450525153,0.24817896726426858,-0.14602987899348852,0.19852920344001232,-0.6500644738301126,0.3124493494775082,-0.036936687154109464,-0.1460298789934885,0.5111665805183493,0.21474728640629562,0.05438639171974819,0.9097751024231436,-0.34938781101337735,-0.11562010948236572,1.1372989033844783
rMON,36,Hind,-0.2082518398993548,2.0622652920777234,0.19449774994966923,0.42048943747036766,0.15967763222021936,-0.3427887715080514,0.2527454455007805,-0.10374400828662449,0.42048943747036766,0.05956778356866135,0.26891769889595585,0.01558359156564302,0.7317348364404749,1.0060535907077555,-1.6258533221922093,0.8913006616429526
rCb,37,Hind,-0.5336652505464933,2.22478144024983,0.22000928043463538,-0.1521193023328682,0.17798170849713854,-0.2369909368727575,0.1062277869383498,-0.13376433062513682,-0.15211930233286816,0.5074859299982617,0.2165508074179304,0.05233629906811416,0.8156146515057022,-0.36395722862533403,-0.9143396548300338,1.0082091811844838
rMOS1,38,Hind,0.1636463986792904,2.3149438535743023,0.23496422702412373,-0.6147854328870044,0.2217315153594276,-0.003773766879517,0.3268427391620072,-0.06943532697858182,-0.6147854328870044,0.7465387403261169,0.18748862762098148,0.062282168538790046,1.0161014530918406,-1.470921828599748,0.7862971353600513,1.0767413559448356
rMOS2,39,Hind,0.8422349936180663,2.2323561349383265,0.2026336593151593,-0.3629733832313376,0.1855057769638779,-0.6120174939186303,0.3028746368066072,-0.006833578898230023,-0.3629733832313376,0.5946082376740871,0.19963856844847894,0.054012447756577465,0.8500942647885658,-0.868441970214682,-0.6218650460455191,0.9285840821576111
rMOS3,40,Hind,-0.5651363701456422,2.263535056878802,0.25021635037806267,-0.5048971838559358,0.2317179257235178,0.2871421871983159,0.2307745833037448,-0.13666763185307787,-0.504897183855936,0.7869966796702798,0.19884664564184917,0.07004329463014243,1.0618649345061753,-1.2080056702786834,1.1744875774473802,1.1466353657230641
rMOS4,41,Hind,0.1259050281807271,2.02836683436433,0.2174084965442953,-0.5882321908264202,0.17584520888325803,-0.47456486904457,0.237405541660621,-0.07291707687208164,-0.5882321908264202,0.5718130587462162,0.1899667078218232,0.05617465708066684,0.805823980302851,-1.4073911376014385,-0.9973893893586666,0.9962908921407783
rMOS5,42,Hind,0.1403162582100628,2.013338281862359,0.1906342304817374,0.0394876717083131,0.16913181905431887,-0.0571996259665052,0.105814800367896,-0.07158759948540987,0.03948767170831311,0.4434136815897114,0.2373821604523277,0.0485790894899834,0.7750593632419907,0.09447731707562101,-1.2583514037949624,0.8735957912322194
rRa,46,Hind,-0.7676411283127857,2.2845164069194928,0.2151980641509078,0.16757705026436806,0.23236000906709353,-0.0066009909961473,0.2275776264712692,-0.15534927777286503,0.167577050264368,0.4889031136075419,0.2489987964042226,0.05205186740441616,1.0648073300305814,0.400941089395527,1.1994465574924869,0.9861614183794978
rT,47,Hind,-1.0407411074881572,2.0260371895823375,0.1786734366185961,-0.3692510609710388,0.17928208282216712,0.1765583020810866,0.1550808056080641,-0.18054353571442153,-0.3692510609710388,0.5924977575870414,0.20136150208121462,0.05721598643379523,0.8215737152819229,-0.8834618010797025,-0.8637916735526936,0.8187845479826112
raRF,48,Hind,-0.6631233902290617,2.1955483106415015,0.18954157130434257,-0.5011120073775078,0.17901895558492067,-0.9892433711153368,0.1799412434598744,-0.14570721606088502,-0.5011120073775078,0.5392122429331797,0.19499170268120633,0.05353758918545886,0.8203679147998365,-1.1989493419901676,-0.8740199212240698,0.8685885978430196
rimRF,49,Hind,-1.54619502907132,1.9892817244395986,0.19324961887076145,-0.25110315924310883,0.1788419269676533,-0.7212386106738954,0.3352686132234386,-0.22717311260560094,-0.25110315924310883,0.4488330508161282,0.20598031600194508,0.05016474088635267,0.8195566677610354,-0.6007837830941797,-0.8809013545613418,0.8855810064966309
rpRF,50,Hind,0.1036759995667764,2.3142819671566492,0.23937213481121025,-0.15555622887340495,0.257817460431913,-0.0728149626248753,0.4379186823343986,-0.07496776864577263,-0.15555622887340492,0.9472951297527203,0.21504624532752578,0.07764365742498323,1.1814680279105234,-0.3721803419285058,2.1890252889315196,1.0969409270355448
rNX,71,Hind,-0.6893400895121092,2.3098286082924533,0.21051017992749446,-0.09123610553939851,0.18243048595886271,-0.6769616814867152,0.2826796232044926,-0.14812578191397566,-0.09123610553939852,0.599177736113231,0.2187721330113277,0.05883800141883444,0.8360015109740669,-0.2182894584280064,-0.7414073571723249,0.9646788340765168
