neuron,n_recordings_basic,FCS_z,FCV_z,Metastability_z,FCS,FCV,Metastability,cluster_label,cluster_sort
AIBR,16,1.7638407117231367,0.5274234007646147,0.11201716011647425,0.4243284911588046,0.29111443211577115,0.031871349404497075,M1,0
AIYL,3,-0.6547629725717663,0.27114186069876717,0.6507140013589068,0.26451655771396504,0.2760071617401403,0.03187677619994287,M1,0
AIYR,4,0.07737614762045708,-0.0786896569226358,0.4628018177668504,0.3127911524301489,0.2718976756395952,0.03218517426459557,M1,0
AIZL,15,-0.45395720790461574,0.5126460663739916,-0.11267768450900535,0.27941344236042287,0.29070503059453845,0.031081844252092934,M1,0
AIZR,16,-0.9483743811607999,-0.2873973601858972,0.04088615773131637,0.2474537854729452,0.2635927587518371,0.03232236738802659,M1,0
ASEL,14,-0.03897451723397144,0.912652100947864,0.5180721614529612,0.3022808212115133,0.30229120307557994,0.034750709854971036,M1,0
ASER,7,-0.23989614718103383,1.4933702573566963,0.10605711763287284,0.29666251212304706,0.32412917663682694,0.03169406132250569,M1,0
ASGR,12,0.3399090371810758,-0.5830078359268432,0.6434361403496325,0.3229715115708213,0.24720828189278135,0.03322645120399418,M1,0
ASIL,5,0.028940375674056808,2.048385528876019,-0.25931188455925536,0.3186414541057595,0.35082012946270014,0.029231553224588664,M1,0
ASIR,6,-0.18969917877898015,1.1604731548757277,0.30556811185218,0.2952898708237513,0.3145197810492994,0.035138596489466496,M1,0
AWAL,11,0.2814788640547371,1.3455116719476814,0.390551512662797,0.33060591822131163,0.32459313394058237,0.03645192222304459,M1,0
AWAR,10,-0.29483745827486635,0.4838935289519382,0.15558095278211825,0.2881074544993324,0.28801603951945703,0.03521543339033985,M1,0
AWBL,18,-0.41513078080891674,0.15455411644246916,0.16316618283449133,0.28400880301995857,0.279440824813182,0.03358379603989351,M1,0
AWBR,10,-0.662448184947772,0.1069380800284587,0.22661920644872308,0.26539392670714335,0.27650620626965117,0.032034068754373965,M1,0
AWCL,17,-0.26702188216199746,0.5427028941217626,0.16118113709493165,0.29404124197121173,0.2917049800173063,0.03405298756069723,M1,0
AWCR,10,-0.2821991451686215,0.05186354736380194,-0.0734244288755733,0.2815100188941553,0.26470042974550223,0.02848644195416226,M1,0
RIML,7,1.7321151330712234,0.3367007725585455,0.13473569166333357,0.42049599273418475,0.27711465241894684,0.03273701521474949,M1,0
RIR,4,0.176242064444116,1.3224445420771658,-0.22990207600754176,0.31780473606228854,0.31295907495149566,0.03459020555839766,M1,0
AIMR,4,0.6501032377061084,1.3190472438710779,0.4947187157414163,0.34708755009723247,0.3174599539988551,0.03008012946849346,M2,1
AINL,12,-0.04650993000610188,1.0626446036574329,-0.34297634209587374,0.2991736813373989,0.3046100786259682,0.030372069295088604,M2,1
AINR,11,-0.32870634725125203,0.461576805941561,-0.2337055700554882,0.28704253204925867,0.2849239847218119,0.02977516750924865,M2,1
ALA,2,-0.6413014606522776,0.5662209489251457,0.13482947833108427,0.2711131764748088,0.2842120069600508,0.036043290942338976,M2,1
ASKR,3,-0.7778251937922107,0.02023446348076119,0.3944017775922763,0.2616971872821509,0.2820528262785536,0.04779851688964456,M2,1
AUAL,16,0.3520089094623792,-0.2011927293574845,0.16849736740997812,0.3315179544169675,0.26538113070695746,0.03387791868973033,M2,1
AUAR,7,0.3325792283846442,-0.7271265886675303,0.32820468007104037,0.3267200445650124,0.24125487577263613,0.03346303651626736,M2,1
AVEL,12,1.898368996609774,-0.029842931873138568,0.2885504669742499,0.43262992824174745,0.2771922767719461,0.035083649953903596,M2,1
AVER,14,1.7248562475359244,0.09648687106083285,0.17703129576988816,0.42418324399719065,0.28090423114492963,0.03447149176433535,M2,1
AVKL,2,0.4937921581364022,1.373092568357067,1.2417156701817054,0.33640535862041476,0.3067044187401492,0.04391050793985886,M2,1
AVKR,2,-0.0582382019892282,0.9316280341214619,0.8102393719770498,0.29413179097966247,0.28587244701998415,0.027308665772506856,M2,1
AVL,5,-0.30836250411566424,0.18970953739340315,0.6690786557601237,0.2843259075777115,0.2619929976450993,0.036496044908670144,M2,1
BAGL,7,0.948619479522722,0.9860411283908148,0.5345440110706848,0.3667814563584866,0.31142478045940464,0.03669828516656767,M2,1
CEPVR,11,-0.43091292256951413,-0.8507585559771045,0.07315084687960875,0.27716136245300516,0.23965536722385475,0.0333266994429403,M2,1
OLLL,16,0.3977306355936417,0.7071164906824552,-0.8860121871521622,0.33682606698499523,0.29725001687091596,0.028940549017617626,M2,1
OLLR,17,0.5558917032007418,0.5812061834854277,-1.284962881246855,0.34755496563107174,0.2936634825737412,0.0267887657989542,M2,1
RIBL,10,1.5040639405760075,-0.1066926635954526,0.6952392729323841,0.4058981465123731,0.2646770473906814,0.03699360967474458,M2,1
RIBR,3,1.3433240885704631,-0.042434343323449975,0.4187462024939719,0.4001714910672384,0.2525414243696053,0.031208227751145567,M2,1
RID,14,1.1226963538285692,0.5195494737276298,0.6662215579049731,0.38397866604507697,0.29303886754917097,0.038645037701051085,M2,1
RIS,3,0.08168364603128567,0.48417402724758496,-0.5405089000085342,0.31085065498782466,0.2853332781843992,0.025997368475244365,M2,1
URBL,15,-0.15128785865024513,-0.4285422727686079,-0.6810903260070271,0.2961863186789538,0.25726655440882,0.028060141217723936,M2,1
URBR,9,-0.5643790302413261,-0.9724409286365723,0.07306077525032632,0.27155066500419267,0.24278440904310766,0.03336734579638414,M2,1
URXL,15,0.004297976418659773,-0.6770301610961516,0.3385432117432932,0.3137881466687214,0.25474524659073194,0.036277827911558494,M2,1
URXR,14,-0.594028116259733,-1.0314791063492665,0.4571228449646713,0.2758990741873236,0.2426040670951719,0.03756627397110275,M2,1
URYVL,17,0.9653393524836065,0.4251623161191783,-0.046832255584845425,0.37260964094239646,0.2867123273565073,0.03128913650827327,M2,1
ADAL,12,-0.2656744263190263,1.002096815338493,-0.5194797051327116,0.2854852111158315,0.29745975569900346,0.02990523174872023,M4,2
ADAR,1,-2.0137910907358965,-1.9549487473590903,-1.927094012981138,0.1948475956308112,0.22866504657953554,0.023349687692457644,M4,2
ADEL,15,-1.0458558065020933,-0.3411785347780102,-0.5650556620464705,0.23710430779249264,0.2583739838410002,0.030768295520587276,M4,2
ADER,8,-1.6260576689710295,-1.5983336840150695,0.5693222096897941,0.20591762555069656,0.2231144557515376,0.03578312183197906,M4,2
ADLL,9,-0.9774821574303483,-0.01831299683393597,0.39777328970015,0.25115333671033885,0.28044200144728254,0.03335007270188079,M4,2
ADLR,5,-0.5201062937446508,0.8652909874236592,0.3665587441551834,0.27545511858364635,0.29648512522773657,0.033218238726400416,M4,2
AIBL,16,1.7689021380908436,0.5320926581344193,0.23731877422642092,0.419889617069908,0.2870621124047578,0.033575325186662584,M4,2
AIML,3,1.0337863595722776,1.2595180991113544,0.8391822880877179,0.37708769082538235,0.32642703732284845,0.0315059115586312,M4,2
AQR,4,0.3721107370552778,0.5666369737621333,0.5015021188794513,0.3290142505362897,0.2847737462036975,0.030134220434204922,M4,2
ASGL,15,0.35127011479178744,-0.24765895343809882,0.4955611648039662,0.33293958746096647,0.26747168941495825,0.035218148343002874,M4,2
ASHL,7,-0.33991550017117256,0.8289559736431411,0.3293841680230803,0.2828518554995315,0.29402994456173015,0.03446876650496948,M4,2
ASKL,3,-0.8774297659454736,0.10950472017637271,0.5775158085220268,0.2541647282551321,0.2832146104582889,0.04765974209252358,M4,2
AVAL,16,1.7641162821388265,0.5346223307526565,0.1780109487125085,0.4256877041616045,0.2907897818892927,0.03413329682468915,M4,2
AVAR,14,1.766889535157265,0.34510250236005574,0.38489458927970893,0.4244651666762538,0.28261262185846375,0.03462815152363842,M4,2
AVBL,4,1.1467995550010586,0.48168329936069537,0.1082176558221663,0.41064856759112095,0.3105248002038754,0.03224685967779078,M4,2
AVBR,2,0.9247673256374954,0.2508875781405866,0.4950861638639561,0.37169056536787876,0.2601219685354469,0.029456354956142496,M4,2
AVDL,16,-1.077287446104278,-1.339834314446348,0.41864127085931185,0.23562123638069912,0.22512431370926342,0.036335611239528935,M4,2
AVDR,12,-1.1376476346502007,-1.1507533126671856,0.4086388383210821,0.23395471263303894,0.2337758238867199,0.03618103910044842,M4,2
AVHL,6,-0.8060216740213204,-1.4227592595677674,-0.24189308087931458,0.2660781341654697,0.2358917710909719,0.03272215982547901,M4,2
AVJL,17,-0.8136237018213152,-0.9958176258816444,-0.14118642028241032,0.2559263003480302,0.24253824897069745,0.03312350634689934,M4,2
AVJR,14,-1.1426250169566212,-1.0890465105071547,-0.5115252275682985,0.2339638416268506,0.2361120212552372,0.030185688558407673,M4,2
FLPL,16,-0.8348268391891998,-0.41059298725263405,-0.32079889195175115,0.25270511504501664,0.25792229232200703,0.031194769711705473,M4,2
FLPR,9,-1.4922271812426826,-1.544217298772178,0.414836134166557,0.21214979789463392,0.22608074679761986,0.03507798096769605,M4,2
RIMR,7,1.7151133952266076,0.4384315690067427,0.14365688788246445,0.42341421326910755,0.2820151647613994,0.03348606675469325,M4,2
SAADL,3,-0.07658643603242486,-0.3000038123270976,0.9797812863486047,0.29844866309287355,0.257606386922777,0.03227619854787321,M4,2
SAADR,4,-0.009966002012366033,0.07569021834932974,0.41821448964958574,0.2974189100247195,0.2577650490827391,0.028441797183664574,M4,2
SAAVL,11,-0.1772996900204182,-0.10696933605245801,0.5850680190080705,0.30037014027502573,0.274273518016436,0.039010839551200764,M4,2
SAAVR,4,-0.19119848694858868,0.0953847762409964,0.7776307762436835,0.2847830232510193,0.25676907280341355,0.03010168588236715,M4,2
SMBVR,2,0.578713621344249,1.077666969277889,-0.3627423092297129,0.3429079365954951,0.30295457129977293,0.04108895398696051,M4,2
CEPDL,18,-0.13186621378675986,-0.4751642149016139,-0.336016156374222,0.3016214966764553,0.25882780898734165,0.030904023849321935,M3,3
CEPDR,17,-0.48700863355370755,-1.08628622130055,0.1279191634073287,0.2803568115981427,0.23820530831069392,0.03368817184735293,M3,3
CEPVL,15,-0.2947826748961161,-0.7527281749740877,-0.297501429532993,0.29409625908241055,0.2485317551025673,0.03311614217920702,M3,3
IL1DL,15,-0.26718592213627673,-0.6846374845079323,-0.653711974697512,0.29341215896506523,0.25198909941527153,0.0320372431175333,M3,3
IL1DR,16,0.23174562980007626,-0.07831439739803153,-0.4203276439547246,0.3254859803366094,0.2684767203973977,0.0313652440698991,M3,3
IL1VL,11,-0.3216751661542163,-0.08541758245170782,-0.67139109136165,0.28324419775226123,0.26936783640091105,0.03159590368588439,M3,3
IL2DL,16,-1.1630021200056229,-0.7589990050760098,0.7406499320621213,0.2338481642045152,0.24728051129128276,0.03657000615877218,M3,3
IL2DR,16,-1.1867236199742635,-0.8017521261463133,0.7107623633746155,0.23300765432085746,0.2465577754544054,0.03687245210229235,M3,3
IL2L,15,-0.7491932624763558,-0.8284706952314017,-0.10251619284970255,0.2593118893289958,0.24700243815277187,0.03254234433621337,M3,3
IL2R,11,-0.326612942129094,-0.575206257082836,0.06089884518995519,0.2892289718060408,0.25460143601747054,0.02918043864839762,M3,3
IL2VL,11,-1.3633120551602587,-1.1647925562623735,0.6370891908956083,0.22069791592399035,0.23731660818484054,0.035814441853299454,M3,3
IL2VR,13,-1.1019336811601352,-0.6709397428863378,0.6571062977885606,0.2399718701692013,0.2545067315400118,0.03916325275405199,M3,3
OLQDL,17,0.32128912314182784,0.5535254444583871,-0.7859073728090534,0.3314793410883859,0.29342131049145737,0.029969598354681243,M3,3
OLQDR,16,0.09838428093141832,0.04163583008437415,-0.4868797260227229,0.31770182945602043,0.27598816554572914,0.03144084122596738,M3,3
OLQVL,16,0.3264944890861742,0.5832850111119773,-0.2991797473275751,0.3303879124892121,0.2935227065584287,0.03260716190018371,M3,3
OLQVR,12,-0.07751455652456184,0.28712772827805416,-0.5452307943681721,0.30144683378757237,0.2809612852852454,0.030592029357447047,M3,3
RICL,16,-0.18467481611301856,-0.1771593222356858,-0.12400952069238225,0.2991787558279563,0.2702414988380922,0.03273527986227705,M3,3
RICR,10,-0.5930267398364479,-0.48162602032804047,0.4128224916771102,0.2644713593714842,0.2522446195212691,0.03543668289847254,M3,3
RIH,14,0.23689857702790687,0.4737844757289689,0.050144682613323596,0.3238382572350541,0.28739625008388486,0.035074626366987376,M3,3
RMEL,15,1.074593836694366,0.7531141608018515,0.045939360012940404,0.3773198547376678,0.294148081172621,0.03494414911319738,M3,3
RMER,17,1.4705997210500772,0.16088105198186958,0.06759558096293583,0.4059912324863564,0.27869339704866936,0.0318609674576569,M3,3
RMEV,6,0.6013103562196711,0.029286878669062034,-0.16790779886320042,0.3517504996405134,0.2734652645298869,0.029632924442771578,M3,3
URADL,8,-0.8809432631674277,-0.6890873337668468,0.2859413140211086,0.2589203131054078,0.26434335326892766,0.0348221805886537,M3,3
URADR,4,-1.4540226872828936,-0.9938860715760924,0.13171793725954012,0.22382564077713146,0.25495628718846863,0.040569499259718,M3,3
URAVL,7,-0.44166696862679633,0.06737339524381479,0.05213229071890124,0.28492795255798004,0.2820228559585268,0.03632809451311585,M3,3
URAVR,2,-1.1747090418028572,-0.6900259894302172,-0.4871563933476637,0.2259999566858094,0.2497707905955836,0.028166924468628278,M3,3
IL1L,15,0.07638474104856968,0.41130597889837467,-0.9744058766938625,0.3132040067427242,0.2875354355233786,0.03164861348039049,M5,4
IL1R,13,0.9959504748631797,0.27816278546635104,0.2167538448549455,0.37150778498272835,0.2774475767298586,0.03289491738418528,M5,4
IL1VR,12,0.4204360047442794,0.29355434387878526,-0.33095291634294954,0.33175563810436953,0.27899730669398315,0.0343476701357455,M5,4
RIAL,12,-0.18375944365588737,0.8465014290592711,-0.03797664042640258,0.300439999414538,0.3010095939016118,0.034030820990786914,M5,4
RIAR,8,-0.6538614239723901,0.22110379109969427,0.3217470227877921,0.2762740307853686,0.2873336376524244,0.03525929172208015,M5,4
RIVL,18,0.2225658229043851,1.1698026739271312,-0.37235437723302844,0.3247587544281469,0.31164251056693654,0.03156079407721842,M5,4
RIVR,16,0.09812081019075576,1.1795305985740883,-0.4097446326141712,0.31640915995632474,0.3125394040200995,0.030384629074501544,M5,4
RMDDL,16,0.029630369483298155,-0.4230037409606713,-0.45930194626315585,0.311582021647975,0.26140644775604255,0.029395290240526478,M5,4
RMDDR,12,-0.6153954335504296,-0.8163818557598909,-0.10279069196107488,0.2665999960303936,0.2431975809919437,0.0315064663601046,M5,4
RMDL,14,0.27957579983294556,0.7687535005908178,-0.38825595050636225,0.328496120471514,0.30058773464150473,0.03071860855230247,M5,4
RMDR,5,0.07827282257837968,0.22142933470631684,0.0136247956751461,0.3077435130706229,0.2777035488588672,0.03438672395898768,M5,4
RMDVL,14,-0.17552094172270732,-0.282837641376843,-0.22908289435992107,0.2978390873610715,0.26435338897856686,0.034106086865632976,M5,4
RMDVR,14,-0.47998668136680445,-0.3759817258830704,-0.35686438334735876,0.2812703243916032,0.2592125326069879,0.03253304107066924,M5,4
RMED,3,1.478310368444708,0.8179836691275876,-0.12963510025675518,0.41255831982200514,0.30613671476237253,0.043193797688146796,M5,4
RMGL,6,-1.4704208134150019,-1.4439115699115137,-0.14051082413895358,0.20426648017546178,0.2165616416352001,0.028962538605914915,M5,4
SMDDL,6,0.3065103132549489,0.12033974586498342,-0.2598375257530504,0.31868671994331554,0.2724544321072679,0.0289908931569615,M5,4
SMDDR,4,0.33876604256019255,-0.3923540879598239,-0.04354411331122147,0.32207113142994337,0.25505363326248975,0.03092320486242761,M5,4
SMDVL,16,0.18540280458826894,0.5686583352756088,0.24493467905573135,0.32244012882974293,0.2929544528698112,0.03494807065276245,M5,4
SMDVR,12,-0.21731073745545704,0.17063886792410268,0.19518610025086033,0.2917606718563386,0.2735408271185262,0.03352414841540871,M5,4
URYDL,13,0.3717420068168149,0.18400801435890568,0.17808445491811076,0.33359110052024155,0.2811142897878494,0.03321755318790882,M5,4
URYDR,13,-0.43074506692562786,-0.21629999975560904,-0.1336361146085868,0.2858035778632538,0.2676802330914169,0.032442388949004065,M5,4
URYVR,12,0.08702928386643861,-0.24931840195599064,-0.4602700378989593,0.3082030912444376,0.2574287423566837,0.029541146417978944,M5,4
