neuron,n_recordings_te,NetTE_z,NeighborNetTE_z,NetTE,NeighborNetTE,cluster_label,cluster_sort
AIBR,16,1.6794506476547475,-0.2695855616187675,0.02045201698930092,0.0011965739322027838,M1,0
AIYL,3,-0.5959043047845122,0.7606573224714053,-0.006363964708797783,0.0037315865365828496,M1,0
AIYR,4,-0.6811110786274772,-0.18279885867717027,-0.008079716005741736,0.0010105684549896017,M1,0
AIZL,15,-0.041768748877441246,-0.12226749548033672,-0.00017087661362134333,0.0015622697281883423,M1,0
AIZR,16,-0.4480254255711533,0.11260358238770975,-0.005428154450527962,0.0020068627464043375,M1,0
ASEL,14,0.19128673853211264,0.2065896987114543,0.002560216389327304,0.0025327869846371825,M1,0
ASER,7,0.26236673247587017,0.03661737853249081,0.0033730969521953784,0.0013984653208073579,M1,0
ASGR,12,0.01978970701184729,0.25228664747395224,0.00039680685361455185,0.0024170814292463583,M1,0
ASIL,5,1.0542858953329646,0.5301888919796465,0.01303993645777376,0.002703751068856425,M1,0
ASIR,6,0.20628037688598155,-0.07438672386748536,0.0036452385312713167,0.0016556930015269634,M1,0
AWAL,11,0.5697580887594141,0.5127129426257983,0.0070529372125492824,0.0031203144629783357,M1,0
AWAR,10,0.0027173179096804945,0.6783408290427919,0.0004341124923105476,0.003453020889068551,M1,0
AWBL,18,-0.4176092416377044,0.13938287817481565,-0.005202003313664831,0.001876116362829919,M1,0
AWBR,10,-0.7266547033090589,0.43956706924252514,-0.00886834837405594,0.002943290879048597,M1,0
AWCL,17,0.220764256719085,0.3762195360993572,0.0026540904219437456,0.0026259219902764665,M1,0
AWCR,10,-0.14692094811914602,0.7513565352831796,-0.0019962795601212416,0.0030700350575188487,M1,0
RIML,7,0.8038556193828974,-0.27771550462024486,0.010183074889519384,0.0010147411980675398,M1,0
RIR,4,0.35839533255888834,0.2765633203751754,0.00555838298439302,0.0033874573954432536,M1,0
AIMR,4,0.516844859163836,0.7005863850810321,0.005881180656229612,0.003234631152979617,M2,1
AINL,12,0.7613144118012007,0.3693646975121035,0.009232439276181018,0.0026511791697899113,M2,1
AINR,11,-0.07970553976075033,0.5009926336007197,-0.0008413954077358302,0.003243374391777284,M2,1
ALA,2,-0.3452583039264525,0.4971243960388791,-0.0038847736938717632,0.002691355322561248,M2,1
ASKR,3,-0.49468455755620094,0.6684063874465238,-0.0061611512250556435,0.0035321556420069987,M2,1
AUAL,16,-0.3198354981408931,0.1132561469642745,-0.003727905213376144,0.0019387366848992202,M2,1
AUAR,7,0.2572918601562892,-0.38523169941481605,0.004604948968117946,0.0008744009168651156,M2,1
AVEL,12,1.4547974075339718,-0.28135328979818425,0.01700693660982618,0.001007040697972193,M2,1
AVER,14,0.9800856453208816,-0.21239845930776063,0.011957359807286351,0.0013365071599210567,M2,1
AVKL,2,1.1837755077614474,0.0791321885562974,0.013950165337659845,0.0017798299693180682,M2,1
AVKR,2,-0.3437957820331651,0.17807421391877437,-0.003655819440821407,0.0015657464449570168,M2,1
AVL,5,-0.08009938524846687,0.6065691549961272,-0.0009182748923633485,0.002866156433168617,M2,1
BAGL,7,1.0624405935956744,0.4019762340301845,0.013058958425787989,0.0029804586649729145,M2,1
CEPVR,11,-0.8555342018884466,0.1392730307131041,-0.010150910915991422,0.0019249754651481479,M2,1
OLLL,16,0.3163544878099094,-0.30201069561572425,0.004272681080743985,0.0008530784216869471,M2,1
OLLR,17,0.7015136182929362,-0.20571585150799995,0.008683288796474068,0.0011689190545112382,M2,1
RIBL,10,1.817696040324202,-0.1298936514889032,0.022699372080288435,0.0015114232261463118,M2,1
RIBR,3,2.1733957620693074,-0.6841623836016962,0.027881665770122382,0.00037281111123479326,M2,1
RID,14,1.27146056445807,0.07390000184744158,0.015496604283160492,0.002074119780289701,M2,1
RIS,3,0.5842408399723841,0.2329327733375263,0.00680009855433767,0.002168818658050664,M2,1
URBL,15,-0.49077909126424873,-0.030184731114078732,-0.005506730597255567,0.001780233975079399,M2,1
URBR,9,-1.03611642498388,0.1814994745306816,-0.01307103306771301,0.0020078518293622145,M2,1
URXL,15,-0.02311904165193314,-0.37456388931197665,-0.00026074804209574794,0.0009928829477874096,M2,1
URXR,14,-0.4478231094831915,0.0825587536766202,-0.005460564662630965,0.002006250498590955,M2,1
URYVL,17,0.39408834201323645,0.17771571284000245,0.004689981640439881,0.001990536440174344,M2,1
ADAL,12,0.6231498910725215,0.679211997288837,0.007125979926064829,0.0030743880179530665,M4,2
ADAR,1,-0.15844248617561496,0.0380073823244534,-0.001900568173614302,0.0013770187007186407,M4,2
ADEL,15,-0.37170346986659214,-0.7137183063806559,-0.004795155446042471,-0.00035833697796008054,M4,2
ADER,8,-0.6754604649016689,-0.09892833997432471,-0.008141937346258057,0.0014046109921568256,M4,2
ADLL,9,-0.4207477220329644,1.04703717676356,-0.005194095797298164,0.004015673179613786,M4,2
ADLR,5,-0.0021480897206201943,0.4312453099081738,0.00017092939925816305,0.0026352675393143325,M4,2
AIBL,16,1.890975031067838,-0.28340242995304715,0.022378870609280135,0.001122463973709166,M4,2
AIML,3,0.9479728679493588,0.3449994749497923,0.01130751334777714,0.0026902627659949655,M4,2
AQR,4,-0.2947788829086723,0.5025925800255154,-0.003552547072126987,0.002835887265051781,M4,2
ASGL,15,0.5171888894433326,0.21751876579273452,0.006374750361532026,0.0023380396565427907,M4,2
ASHL,7,0.5657052201449063,0.8344151691548678,0.006302283315021899,0.0035138699013882837,M4,2
ASKL,3,-0.4871551680536404,0.07386933171832306,-0.005968429404686782,0.0026005216516004907,M4,2
AVAL,16,1.257436570049976,-0.40074211544190264,0.015028088887827157,0.0009634115313357742,M4,2
AVAR,14,1.0935459975165989,-0.31750602493161567,0.01311529327489422,0.0009279610970956965,M4,2
AVBL,4,1.167943710670556,-0.47872106529970343,0.01522149073312465,0.00019981351374744234,M4,2
AVBR,2,-0.15154755924606855,-0.060669159181682586,-0.0024651868034654438,0.0017206779062234842,M4,2
AVDL,16,-0.7635044920844077,-0.5326470995216077,-0.00884922053842727,0.0006317685057367868,M4,2
AVDR,12,-1.0853308942572284,-0.7657267283305506,-0.013541898054275683,1.619828045484786e-05,M4,2
AVHL,6,-1.0877719383451083,0.6943815946690209,-0.013934619887014436,0.0036348037264205078,M4,2
AVJL,17,-0.9058017583663753,0.08817410538532683,-0.010877623292276335,0.0016068067606908362,M4,2
AVJR,14,-0.8043378318330946,-1.4038171565464845,-0.009969217065774567,-0.0015811619875739636,M4,2
FLPL,16,-0.6855711755864731,-0.11149685234552514,-0.008110535902824222,0.0013624705526594427,M4,2
FLPR,9,-1.025589345094699,-0.8155383651921527,-0.01259045842367662,-0.001115085433628901,M4,2
RIMR,7,1.182593963251048,-0.3081312006107316,0.014489222897272669,0.000902203743967327,M4,2
SAADL,3,-0.17979229811801267,0.7478975758814402,-0.0015548059503923538,0.003074866251023286,M4,2
SAADR,4,-0.17722013650550542,0.8895254440997844,-0.0020076079399258605,0.0035161361757546257,M4,2
SAAVL,11,-0.4701050836629454,-0.08125965591299057,-0.005610064613279665,0.0015296707425310298,M4,2
SAAVR,4,-0.39754312079305143,0.234466249148122,-0.004511921021789826,0.002071260337076934,M4,2
SMBVR,2,1.146018065012072,0.19329492265872505,0.01358647188591492,0.0019525429930142822,M4,2
CEPDL,18,-0.5726811598916084,-0.09665073605094761,-0.006486732913672044,0.0014766326841409104,M3,3
CEPDR,17,-0.7943436679273223,0.4712982926520038,-0.009550037857240753,0.002830583390186315,M3,3
CEPVL,15,-0.8011102515208152,0.03373474713842404,-0.009634993593757845,0.0017423472106555587,M3,3
IL1DL,15,-0.5015186222508824,-0.3814135078111919,-0.006625439375032663,0.000412001428792059,M3,3
IL1DR,16,-0.19421223352332853,0.13733616848108474,-0.002664212637766107,0.0019301980971359763,M3,3
IL1VL,11,-0.5232792548019453,-0.35416406006189116,-0.007120521713230007,0.00034037559382098475,M3,3
IL2DL,16,-0.8378214735230276,-0.37008841914253343,-0.010096343566563597,0.0007606276028740528,M3,3
IL2DR,16,-0.7795502579092997,-0.7650642301544891,-0.00955670924541008,7.032650214672389e-05,M3,3
IL2L,15,-0.7566054851285242,0.42126599338956533,-0.008915395014080575,0.0028457356817269317,M3,3
IL2R,11,-0.47676334431847445,0.20640278064354323,-0.005556615807770759,0.0021701375117390916,M3,3
IL2VL,11,-0.9187837628793537,-1.1140185665306246,-0.01109449960614278,-0.001131177146930394,M3,3
IL2VR,13,-0.8391371670869064,-0.19596757126984057,-0.010233662014612168,0.001106799798280114,M3,3
OLQDL,17,0.7036697049598346,-0.1475411084394968,0.008652942069736545,0.001412770569712208,M3,3
OLQDR,16,-0.391821038658649,0.12543032125137774,-0.004710178110097427,0.0020090318317325514,M3,3
OLQVL,16,0.3078616861980271,-0.05304548839163829,0.003824402233949747,0.0016430956746566932,M3,3
OLQVR,12,-0.33430826499244537,-0.3705022664936746,-0.004519289831953631,0.0009110993489522953,M3,3
RICL,16,-0.3565798662152634,0.47187463862260637,-0.004165431213689849,0.002713895742440129,M3,3
RICR,10,-0.8824347695340349,0.005834524706967681,-0.010545963662845086,0.002004967358885129,M3,3
RIH,14,-0.15769543681596193,0.24862802710002993,-0.001894136789204938,0.0024701683058151367,M3,3
RMEL,15,1.077572183906142,0.03453334496988372,0.012910292140884867,0.0017277731746739536,M3,3
RMER,17,1.3040542352646514,-0.18282743825431155,0.015478329990302974,0.0012796392560187149,M3,3
RMEV,6,0.6962603257846842,0.1308959526701509,0.00819076246090961,0.001643601338592756,M3,3
URADL,8,-0.8596867862710584,0.5943354112279766,-0.010028919866088356,0.002110945736271997,M3,3
URADR,4,-1.0778733786692591,-0.7780328146506766,-0.013361498113437674,-0.00042302226160061346,M3,3
URAVL,7,-0.33376327325800254,0.801009999753281,-0.004198811491215726,0.0031001536295530673,M3,3
URAVR,2,-0.7320775499870052,-0.9040120137326391,-0.009347453408420709,-0.0017175411081728036,M3,3
IL1L,15,-0.0766201915567913,-0.26043795381882445,-0.001116566598216179,0.0012818500672724623,M5,4
IL1R,13,0.7870533070725132,-0.07429408463127156,0.009170062733715382,0.0014049757078756877,M5,4
IL1VR,12,0.4708614096620396,-0.12950098599004137,0.00446077897887976,0.0014043311404303867,M5,4
RIAL,12,-0.0008120231309250251,0.5646113975826365,2.393917602141144e-05,0.00277518073328748,M5,4
RIAR,8,-0.42733340491990013,-0.6355434809363878,-0.004615911200085384,1.1880088073269084e-05,M5,4
RIVL,18,0.7485732813203636,-0.09348385377763524,0.008906089086772402,0.0014906534557212856,M5,4
RIVR,16,0.4700242712550891,0.04661418921657577,0.005343947583743977,0.001776621868523983,M5,4
RMDDL,16,-0.5524674764449905,-0.0744872539949478,-0.006631725107776861,0.001571205890972926,M5,4
RMDDR,12,-0.9427161715782121,0.17479583168000004,-0.011611752387662528,0.00206758401748643,M5,4
RMDL,14,0.6756667893431924,-0.09955578324096867,0.007774065136582698,0.0013650838628343665,M5,4
RMDR,5,-0.23724446273022362,0.1406319257513246,-0.002378935786137329,0.0016868219526128352,M5,4
RMDVL,14,-0.25442992461267033,0.23545130884998525,-0.0032371565788650376,0.0021318504535505272,M5,4
RMDVR,14,-0.6623643266704505,0.1500614267984522,-0.008128301257649326,0.0019585329168993657,M5,4
RMED,3,0.819458380045882,-0.11837452691884931,0.00979717561110287,0.001296723447830944,M5,4
RMGL,6,-1.035804132673779,0.3714297853095802,-0.011924424758885298,0.002726206489275409,M5,4
SMDDL,6,-0.10532241438293977,0.15134744460093,-0.0005988650178808029,0.001750063303080909,M5,4
SMDDR,4,0.06933270476722128,-0.4708360717320621,0.0011083779839393547,0.0009773979629134955,M5,4
SMDVL,16,0.623098006230089,-0.07888615187577953,0.007166316113477643,0.001385671998795668,M5,4
SMDVR,12,-0.3790456240667081,0.34815938166008537,-0.004304526541442709,0.0023683002268913823,M5,4
URYDL,13,-0.19986265655620278,0.17439370928719852,-0.0026194249786749926,0.002088583904736148,M5,4
URYDR,13,-0.5307994278407288,-0.2389350010169011,-0.006331454983749895,0.0008248251253501087,M5,4
URYVR,12,-0.44436965355198615,0.22666439796343238,-0.00561532290929815,0.0023969479492762604,M5,4
