neuron,n_recordings_basic,FCS_z,FCV_z,Metastability_z,FCS,FCV,Metastability,cluster_label,cluster_sort,n_recordings_te,NetTE_z,NeighborNetTE_z,NetTE,NeighborNetTE
AIBR,16,1.7638407117231367,0.5274234007646147,0.1120171601164742,0.4243284911588046,0.2911144321157711,0.031871349404497,M1,0,16,1.6794506476547475,-0.2695855616187675,0.0204520169893009,0.0011965739322027
AIYL,3,-0.6547629725717663,0.2711418606987671,0.6507140013589068,0.264516557713965,0.2760071617401403,0.0318767761999428,M1,0,3,-0.5959043047845122,0.7606573224714053,-0.0063639647087977,0.0037315865365828
AIYR,4,0.077376147620457,-0.0786896569226358,0.4628018177668504,0.3127911524301489,0.2718976756395952,0.0321851742645955,M1,0,4,-0.6811110786274772,-0.1827988586771702,-0.0080797160057417,0.0010105684549896
AIZL,15,-0.4539572079046157,0.5126460663739916,-0.1126776845090053,0.2794134423604228,0.2907050305945384,0.0310818442520929,M1,0,15,-0.0417687488774412,-0.1222674954803367,-0.0001708766136213,0.0015622697281883
AIZR,16,-0.9483743811608,-0.2873973601858972,0.0408861577313163,0.2474537854729452,0.2635927587518371,0.0323223673880265,M1,0,16,-0.4480254255711533,0.1126035823877097,-0.0054281544505279,0.0020068627464043
ASEL,14,-0.0389745172339714,0.912652100947864,0.5180721614529612,0.3022808212115133,0.3022912030755799,0.034750709854971,M1,0,14,0.1912867385321126,0.2065896987114543,0.0025602163893273,0.0025327869846371
ASER,7,-0.2398961471810338,1.4933702573566965,0.1060571176328728,0.296662512123047,0.3241291766368269,0.0316940613225056,M1,0,7,0.2623667324758701,0.0366173785324908,0.0033730969521953,0.0013984653208073
ASGR,12,0.3399090371810758,-0.5830078359268432,0.6434361403496325,0.3229715115708213,0.2472082818927813,0.0332264512039941,M1,0,12,0.0197897070118472,0.2522866474739522,0.0003968068536145,0.0024170814292463
ASIL,5,0.0289403756740568,2.048385528876019,-0.2593118845592553,0.3186414541057595,0.3508201294627001,0.0292315532245886,M1,0,5,1.0542858953329646,0.5301888919796465,0.0130399364577737,0.0027037510688564
ASIR,6,-0.1896991787789801,1.1604731548757277,0.30556811185218,0.2952898708237513,0.3145197810492994,0.0351385964894664,M1,0,6,0.2062803768859815,-0.0743867238674853,0.0036452385312713,0.0016556930015269
AWAL,11,0.2814788640547371,1.3455116719476814,0.390551512662797,0.3306059182213116,0.3245931339405823,0.0364519222230445,M1,0,11,0.5697580887594141,0.5127129426257983,0.0070529372125492,0.0031203144629783
AWAR,10,-0.2948374582748663,0.4838935289519382,0.1555809527821182,0.2881074544993324,0.288016039519457,0.0352154333903398,M1,0,10,0.0027173179096804,0.6783408290427919,0.0004341124923105,0.0034530208890685
AWBL,18,-0.4151307808089167,0.1545541164424691,0.1631661828344913,0.2840088030199585,0.279440824813182,0.0335837960398935,M1,0,18,-0.4176092416377044,0.1393828781748156,-0.0052020033136648,0.0018761163628299
AWBR,10,-0.662448184947772,0.1069380800284587,0.226619206448723,0.2653939267071433,0.2765062062696511,0.0320340687543739,M1,0,10,-0.7266547033090589,0.4395670692425251,-0.0088683483740559,0.0029432908790485
AWCL,17,-0.2670218821619974,0.5427028941217626,0.1611811370949316,0.2940412419712117,0.2917049800173063,0.0340529875606972,M1,0,17,0.220764256719085,0.3762195360993572,0.0026540904219437,0.0026259219902764
AWCR,10,-0.2821991451686215,0.0518635473638019,-0.0734244288755733,0.2815100188941553,0.2647004297455022,0.0284864419541622,M1,0,10,-0.146920948119146,0.7513565352831796,-0.0019962795601212,0.0030700350575188
RIML,7,1.7321151330712234,0.3367007725585455,0.1347356916633335,0.4204959927341847,0.2771146524189468,0.0327370152147494,M1,0,7,0.8038556193828974,-0.2777155046202448,0.0101830748895193,0.0010147411980675
RIR,4,0.176242064444116,1.3224445420771658,-0.2299020760075417,0.3178047360622885,0.3129590749514956,0.0345902055583976,M1,0,4,0.3583953325588883,0.2765633203751754,0.005558382984393,0.0033874573954432
AIMR,4,0.6501032377061084,1.319047243871078,0.4947187157414163,0.3470875500972324,0.3174599539988551,0.0300801294684934,M2,1,4,0.516844859163836,0.7005863850810321,0.0058811806562296,0.0032346311529796
AINL,12,-0.0465099300061018,1.0626446036574329,-0.3429763420958737,0.2991736813373989,0.3046100786259682,0.0303720692950886,M2,1,12,0.7613144118012007,0.3693646975121035,0.009232439276181,0.0026511791697899
AINR,11,-0.328706347251252,0.461576805941561,-0.2337055700554882,0.2870425320492586,0.2849239847218119,0.0297751675092486,M2,1,11,-0.0797055397607503,0.5009926336007197,-0.0008413954077358,0.0032433743917772
ALA,2,-0.6413014606522776,0.5662209489251457,0.1348294783310842,0.2711131764748088,0.2842120069600508,0.0360432909423389,M2,1,2,-0.3452583039264525,0.4971243960388791,-0.0038847736938717,0.0026913553225612
ASKR,3,-0.7778251937922107,0.0202344634807611,0.3944017775922763,0.2616971872821509,0.2820528262785536,0.0477985168896445,M2,1,3,-0.4946845575562009,0.6684063874465238,-0.0061611512250556,0.0035321556420069
AUAL,16,0.3520089094623792,-0.2011927293574845,0.1684973674099781,0.3315179544169675,0.2653811307069574,0.0338779186897303,M2,1,16,-0.3198354981408931,0.1132561469642745,-0.0037279052133761,0.0019387366848992
AUAR,7,0.3325792283846442,-0.7271265886675303,0.3282046800710403,0.3267200445650124,0.2412548757726361,0.0334630365162673,M2,1,7,0.2572918601562892,-0.385231699414816,0.0046049489681179,0.0008744009168651
AVEL,12,1.898368996609774,-0.0298429318731385,0.2885504669742499,0.4326299282417474,0.2771922767719461,0.0350836499539035,M2,1,12,1.4547974075339718,-0.2813532897981842,0.0170069366098261,0.0010070406979721
AVER,14,1.7248562475359244,0.0964868710608328,0.1770312957698881,0.4241832439971906,0.2809042311449296,0.0344714917643353,M2,1,14,0.9800856453208816,-0.2123984593077606,0.0119573598072863,0.001336507159921
AVKL,2,0.4937921581364022,1.373092568357067,1.2417156701817054,0.3364053586204147,0.3067044187401492,0.0439105079398588,M2,1,2,1.1837755077614474,0.0791321885562974,0.0139501653376598,0.001779829969318
AVKR,2,-0.0582382019892282,0.931628034121462,0.8102393719770498,0.2941317909796624,0.2858724470199841,0.0273086657725068,M2,1,2,-0.3437957820331651,0.1780742139187743,-0.0036558194408214,0.001565746444957
AVL,5,-0.3083625041156642,0.1897095373934031,0.6690786557601237,0.2843259075777115,0.2619929976450993,0.0364960449086701,M2,1,5,-0.0800993852484668,0.6065691549961272,-0.0009182748923633,0.0028661564331686
BAGL,7,0.948619479522722,0.9860411283908148,0.5345440110706848,0.3667814563584866,0.3114247804594046,0.0366982851665676,M2,1,7,1.0624405935956744,0.4019762340301845,0.0130589584257879,0.0029804586649729
CEPVR,11,-0.4309129225695141,-0.8507585559771045,0.0731508468796087,0.2771613624530051,0.2396553672238547,0.0333266994429403,M2,1,11,-0.8555342018884466,0.1392730307131041,-0.0101509109159914,0.0019249754651481
OLLL,16,0.3977306355936417,0.7071164906824552,-0.8860121871521622,0.3368260669849952,0.2972500168709159,0.0289405490176176,M2,1,16,0.3163544878099094,-0.3020106956157242,0.0042726810807439,0.0008530784216869
OLLR,17,0.5558917032007418,0.5812061834854277,-1.284962881246855,0.3475549656310717,0.2936634825737412,0.0267887657989542,M2,1,17,0.7015136182929362,-0.2057158515079999,0.008683288796474,0.0011689190545112
RIBL,10,1.5040639405760077,-0.1066926635954526,0.6952392729323841,0.4058981465123731,0.2646770473906814,0.0369936096747445,M2,1,10,1.817696040324202,-0.1298936514889032,0.0226993720802884,0.0015114232261463
RIBR,3,1.3433240885704631,-0.0424343433234499,0.4187462024939719,0.4001714910672384,0.2525414243696053,0.0312082277511455,M2,1,3,2.1733957620693074,-0.6841623836016962,0.0278816657701223,0.0003728111112347
RID,14,1.1226963538285692,0.5195494737276298,0.6662215579049731,0.3839786660450769,0.2930388675491709,0.038645037701051,M2,1,14,1.27146056445807,0.0739000018474415,0.0154966042831604,0.0020741197802897
RIS,3,0.0816836460312856,0.4841740272475849,-0.5405089000085342,0.3108506549878246,0.2853332781843992,0.0259973684752443,M2,1,3,0.5842408399723841,0.2329327733375263,0.0068000985543376,0.0021688186580506
URBL,15,-0.1512878586502451,-0.4285422727686079,-0.6810903260070271,0.2961863186789538,0.25726655440882,0.0280601412177239,M2,1,15,-0.4907790912642487,-0.0301847311140787,-0.0055067305972555,0.0017802339750793
URBR,9,-0.5643790302413261,-0.9724409286365724,0.0730607752503263,0.2715506650041926,0.2427844090431076,0.0333673457963841,M2,1,9,-1.03611642498388,0.1814994745306816,-0.013071033067713,0.0020078518293622
URXL,15,0.0042979764186597,-0.6770301610961516,0.3385432117432932,0.3137881466687214,0.2547452465907319,0.0362778279115584,M2,1,15,-0.0231190416519331,-0.3745638893119766,-0.0002607480420957,0.0009928829477874
URXR,14,-0.594028116259733,-1.0314791063492663,0.4571228449646713,0.2758990741873236,0.2426040670951719,0.0375662739711027,M2,1,14,-0.4478231094831915,0.0825587536766202,-0.0054605646626309,0.0020062504985909
URYVL,17,0.9653393524836064,0.4251623161191783,-0.0468322555848454,0.3726096409423964,0.2867123273565073,0.0312891365082732,M2,1,17,0.3940883420132364,0.1777157128400024,0.0046899816404398,0.0019905364401743
ADAL,12,-0.2656744263190263,1.002096815338493,-0.5194797051327116,0.2854852111158315,0.2974597556990034,0.0299052317487202,M4,2,12,0.6231498910725215,0.679211997288837,0.0071259799260648,0.003074388017953
ADAR,1,-2.0137910907358965,-1.9549487473590903,-1.927094012981138,0.1948475956308112,0.2286650465795355,0.0233496876924576,M4,2,1,-0.1584424861756149,0.0380073823244534,-0.0019005681736143,0.0013770187007186
ADEL,15,-1.0458558065020933,-0.3411785347780102,-0.5650556620464705,0.2371043077924926,0.2583739838410002,0.0307682955205872,M4,2,15,-0.3717034698665921,-0.7137183063806559,-0.0047951554460424,-0.00035833697796
ADER,8,-1.6260576689710295,-1.5983336840150697,0.5693222096897941,0.2059176255506965,0.2231144557515376,0.035783121831979,M4,2,8,-0.6754604649016689,-0.0989283399743247,-0.008141937346258,0.0014046109921568
ADLL,9,-0.9774821574303484,-0.0183129968339359,0.39777328970015,0.2511533367103388,0.2804420014472825,0.0333500727018807,M4,2,9,-0.4207477220329644,1.04703717676356,-0.0051940957972981,0.0040156731796137
ADLR,5,-0.5201062937446508,0.8652909874236592,0.3665587441551834,0.2754551185836463,0.2964851252277365,0.0332182387264004,M4,2,5,-0.0021480897206201,0.4312453099081738,0.0001709293992581,0.0026352675393143
AIBL,16,1.7689021380908436,0.5320926581344193,0.2373187742264209,0.419889617069908,0.2870621124047578,0.0335753251866625,M4,2,16,1.890975031067838,-0.2834024299530471,0.0223788706092801,0.0011224639737091
AIML,3,1.0337863595722776,1.2595180991113544,0.8391822880877179,0.3770876908253823,0.3264270373228484,0.0315059115586312,M4,2,3,0.9479728679493588,0.3449994749497923,0.0113075133477771,0.0026902627659949
AQR,4,0.3721107370552778,0.5666369737621333,0.5015021188794513,0.3290142505362897,0.2847737462036975,0.0301342204342049,M4,2,4,-0.2947788829086723,0.5025925800255154,-0.0035525470721269,0.0028358872650517
ASGL,15,0.3512701147917874,-0.2476589534380988,0.4955611648039662,0.3329395874609664,0.2674716894149582,0.0352181483430028,M4,2,15,0.5171888894433326,0.2175187657927345,0.006374750361532,0.0023380396565427
ASHL,7,-0.3399155001711725,0.8289559736431411,0.3293841680230803,0.2828518554995315,0.2940299445617301,0.0344687665049694,M4,2,7,0.5657052201449063,0.8344151691548678,0.0063022833150218,0.0035138699013882
ASKL,3,-0.8774297659454736,0.1095047201763727,0.5775158085220268,0.2541647282551321,0.2832146104582889,0.0476597420925235,M4,2,3,-0.4871551680536404,0.073869331718323,-0.0059684294046867,0.0026005216516004
AVAL,16,1.7641162821388263,0.5346223307526565,0.1780109487125085,0.4256877041616045,0.2907897818892927,0.0341332968246891,M4,2,16,1.257436570049976,-0.4007421154419026,0.0150280888878271,0.0009634115313357
AVAR,14,1.766889535157265,0.3451025023600557,0.3848945892797089,0.4244651666762538,0.2826126218584637,0.0346281515236384,M4,2,14,1.0935459975165989,-0.3175060249316156,0.0131152932748942,0.0009279610970956
AVBL,4,1.1467995550010586,0.4816832993606953,0.1082176558221663,0.4106485675911209,0.3105248002038754,0.0322468596777907,M4,2,4,1.167943710670556,-0.4787210652997034,0.0152214907331246,0.0001998135137474
AVBR,2,0.9247673256374954,0.2508875781405866,0.4950861638639561,0.3716905653678787,0.2601219685354469,0.0294563549561424,M4,2,2,-0.1515475592460685,-0.0606691591816825,-0.0024651868034654,0.0017206779062234
AVDL,16,-1.077287446104278,-1.339834314446348,0.4186412708593118,0.2356212363806991,0.2251243137092634,0.0363356112395289,M4,2,16,-0.7635044920844077,-0.5326470995216077,-0.0088492205384272,0.0006317685057367
AVDR,12,-1.1376476346502007,-1.1507533126671856,0.4086388383210821,0.2339547126330389,0.2337758238867199,0.0361810391004484,M4,2,12,-1.0853308942572284,-0.7657267283305506,-0.0135418980542756,1.619828045484786e-05
AVHL,6,-0.8060216740213204,-1.4227592595677674,-0.2418930808793145,0.2660781341654697,0.2358917710909719,0.032722159825479,M4,2,6,-1.0877719383451083,0.6943815946690209,-0.0139346198870144,0.0036348037264205
AVJL,17,-0.8136237018213152,-0.9958176258816444,-0.1411864202824103,0.2559263003480302,0.2425382489706974,0.0331235063468993,M4,2,17,-0.9058017583663752,0.0881741053853268,-0.0108776232922763,0.0016068067606908
AVJR,14,-1.1426250169566212,-1.0890465105071547,-0.5115252275682985,0.2339638416268506,0.2361120212552372,0.0301856885584076,M4,2,14,-0.8043378318330946,-1.4038171565464843,-0.0099692170657745,-0.0015811619875739
FLPL,16,-0.8348268391891998,-0.410592987252634,-0.3207988919517511,0.2527051150450166,0.257922292322007,0.0311947697117054,M4,2,16,-0.6855711755864731,-0.1114968523455251,-0.0081105359028242,0.0013624705526594
FLPR,9,-1.4922271812426826,-1.544217298772178,0.414836134166557,0.2121497978946339,0.2260807467976198,0.035077980967696,M4,2,9,-1.025589345094699,-0.8155383651921527,-0.0125904584236766,-0.0011150854336289
RIMR,7,1.7151133952266076,0.4384315690067427,0.1436568878824644,0.4234142132691075,0.2820151647613994,0.0334860667546932,M4,2,7,1.182593963251048,-0.3081312006107316,0.0144892228972726,0.0009022037439673
SAADL,3,-0.0765864360324248,-0.3000038123270976,0.9797812863486048,0.2984486630928735,0.257606386922777,0.0322761985478732,M4,2,3,-0.1797922981180126,0.7478975758814402,-0.0015548059503923,0.0030748662510232
SAADR,4,-0.009966002012366,0.0756902183493297,0.4182144896495857,0.2974189100247195,0.2577650490827391,0.0284417971836645,M4,2,4,-0.1772201365055054,0.8895254440997844,-0.0020076079399258,0.0035161361757546
SAAVL,11,-0.1772996900204182,-0.106969336052458,0.5850680190080705,0.3003701402750257,0.274273518016436,0.0390108395512007,M4,2,11,-0.4701050836629454,-0.0812596559129905,-0.0056100646132796,0.001529670742531
SAAVR,4,-0.1911984869485886,0.0953847762409964,0.7776307762436835,0.2847830232510193,0.2567690728034135,0.0301016858823671,M4,2,4,-0.3975431207930514,0.234466249148122,-0.0045119210217898,0.0020712603370769
SMBVR,2,0.578713621344249,1.077666969277889,-0.3627423092297129,0.3429079365954951,0.3029545712997729,0.0410889539869605,M4,2,2,1.146018065012072,0.193294922658725,0.0135864718859149,0.0019525429930142
CEPDL,18,-0.1318662137867598,-0.4751642149016139,-0.336016156374222,0.3016214966764553,0.2588278089873416,0.0309040238493219,M3,3,18,-0.5726811598916084,-0.0966507360509476,-0.006486732913672,0.0014766326841409
CEPDR,17,-0.4870086335537075,-1.08628622130055,0.1279191634073287,0.2803568115981427,0.2382053083106939,0.0336881718473529,M3,3,17,-0.7943436679273223,0.4712982926520038,-0.0095500378572407,0.0028305833901863
CEPVL,15,-0.2947826748961161,-0.7527281749740877,-0.297501429532993,0.2940962590824105,0.2485317551025673,0.033116142179207,M3,3,15,-0.8011102515208152,0.033734747138424,-0.0096349935937578,0.0017423472106555
IL1DL,15,-0.2671859221362767,-0.6846374845079323,-0.653711974697512,0.2934121589650652,0.2519890994152715,0.0320372431175333,M3,3,15,-0.5015186222508824,-0.3814135078111919,-0.0066254393750326,0.000412001428792
IL1DR,16,0.2317456298000762,-0.0783143973980315,-0.4203276439547246,0.3254859803366094,0.2684767203973977,0.0313652440698991,M3,3,16,-0.1942122335233285,0.1373361684810847,-0.0026642126377661,0.0019301980971359
IL1VL,11,-0.3216751661542163,-0.0854175824517078,-0.67139109136165,0.2832441977522612,0.269367836400911,0.0315959036858843,M3,3,11,-0.5232792548019453,-0.3541640600618911,-0.00712052171323,0.0003403755938209
IL2DL,16,-1.1630021200056229,-0.7589990050760098,0.7406499320621213,0.2338481642045152,0.2472805112912827,0.0365700061587721,M3,3,16,-0.8378214735230276,-0.3700884191425334,-0.0100963435665635,0.000760627602874
IL2DR,16,-1.1867236199742637,-0.8017521261463133,0.7107623633746155,0.2330076543208574,0.2465577754544054,0.0368724521022923,M3,3,16,-0.7795502579092997,-0.7650642301544891,-0.00955670924541,7.032650214672389e-05
IL2L,15,-0.7491932624763558,-0.8284706952314017,-0.1025161928497025,0.2593118893289958,0.2470024381527718,0.0325423443362133,M3,3,15,-0.7566054851285242,0.4212659933895653,-0.0089153950140805,0.0028457356817269
IL2R,11,-0.326612942129094,-0.575206257082836,0.0608988451899551,0.2892289718060408,0.2546014360174705,0.0291804386483976,M3,3,11,-0.4767633443184744,0.2064027806435432,-0.0055566158077707,0.002170137511739
IL2VL,11,-1.3633120551602589,-1.1647925562623735,0.6370891908956083,0.2206979159239903,0.2373166081848405,0.0358144418532994,M3,3,11,-0.9187837628793536,-1.1140185665306246,-0.0110944996061427,-0.0011311771469303
IL2VR,13,-1.1019336811601352,-0.6709397428863378,0.6571062977885606,0.2399718701692013,0.2545067315400118,0.0391632527540519,M3,3,13,-0.8391371670869064,-0.1959675712698405,-0.0102336620146121,0.0011067997982801
OLQDL,17,0.3212891231418278,0.5535254444583871,-0.7859073728090534,0.3314793410883859,0.2934213104914573,0.0299695983546812,M3,3,17,0.7036697049598346,-0.1475411084394968,0.0086529420697365,0.0014127705697122
OLQDR,16,0.0983842809314183,0.0416358300843741,-0.4868797260227229,0.3177018294560204,0.2759881655457291,0.0314408412259673,M3,3,16,-0.391821038658649,0.1254303212513777,-0.0047101781100974,0.0020090318317325
OLQVL,16,0.3264944890861742,0.5832850111119773,-0.2991797473275751,0.3303879124892121,0.2935227065584287,0.0326071619001837,M3,3,16,0.3078616861980271,-0.0530454883916382,0.0038244022339497,0.0016430956746566
OLQVR,12,-0.0775145565245618,0.2871277282780541,-0.5452307943681721,0.3014468337875723,0.2809612852852454,0.030592029357447,M3,3,12,-0.3343082649924453,-0.3705022664936746,-0.0045192898319536,0.0009110993489522
RICL,16,-0.1846748161130185,-0.1771593222356858,-0.1240095206923822,0.2991787558279563,0.2702414988380922,0.032735279862277,M3,3,16,-0.3565798662152634,0.4718746386226063,-0.0041654312136898,0.0027138957424401
RICR,10,-0.5930267398364479,-0.4816260203280404,0.4128224916771102,0.2644713593714842,0.2522446195212691,0.0354366828984725,M3,3,10,-0.8824347695340349,0.0058345247069676,-0.010545963662845,0.0020049673588851
RIH,14,0.2368985770279068,0.4737844757289689,0.0501446826133235,0.3238382572350541,0.2873962500838848,0.0350746263669873,M3,3,14,-0.1576954368159619,0.2486280271000299,-0.0018941367892049,0.0024701683058151
RMEL,15,1.074593836694366,0.7531141608018515,0.0459393600129404,0.3773198547376678,0.294148081172621,0.0349441491131973,M3,3,15,1.077572183906142,0.0345333449698837,0.0129102921408848,0.0017277731746739
RMER,17,1.4705997210500772,0.1608810519818695,0.0675955809629358,0.4059912324863564,0.2786933970486693,0.0318609674576569,M3,3,17,1.3040542352646514,-0.1828274382543115,0.0154783299903029,0.0012796392560187
RMEV,6,0.6013103562196711,0.029286878669062,-0.1679077988632004,0.3517504996405134,0.2734652645298869,0.0296329244427715,M3,3,6,0.6962603257846842,0.1308959526701509,0.0081907624609096,0.0016436013385927
URADL,8,-0.8809432631674277,-0.6890873337668468,0.2859413140211086,0.2589203131054078,0.2643433532689276,0.0348221805886537,M3,3,8,-0.8596867862710584,0.5943354112279766,-0.0100289198660883,0.0021109457362719
URADR,4,-1.4540226872828936,-0.9938860715760924,0.1317179372595401,0.2238256407771314,0.2549562871884686,0.040569499259718,M3,3,4,-1.0778733786692591,-0.7780328146506766,-0.0133614981134376,-0.0004230222616006
URAVL,7,-0.4416669686267963,0.0673733952438147,0.0521322907189012,0.28492795255798,0.2820228559585268,0.0363280945131158,M3,3,7,-0.3337632732580025,0.801009999753281,-0.0041988114912157,0.003100153629553
URAVR,2,-1.1747090418028572,-0.6900259894302172,-0.4871563933476637,0.2259999566858094,0.2497707905955836,0.0281669244686282,M3,3,2,-0.7320775499870052,-0.9040120137326392,-0.0093474534084207,-0.0017175411081728
IL1L,15,0.0763847410485696,0.4113059788983746,-0.9744058766938624,0.3132040067427242,0.2875354355233786,0.0316486134803904,M5,4,15,-0.0766201915567913,-0.2604379538188244,-0.0011165665982161,0.0012818500672724
IL1R,13,0.9959504748631796,0.278162785466351,0.2167538448549455,0.3715077849827283,0.2774475767298586,0.0328949173841852,M5,4,13,0.7870533070725132,-0.0742940846312715,0.0091700627337153,0.0014049757078756
IL1VR,12,0.4204360047442794,0.2935543438787852,-0.3309529163429495,0.3317556381043695,0.2789973066939831,0.0343476701357455,M5,4,12,0.4708614096620396,-0.1295009859900413,0.0044607789788797,0.0014043311404303
RIAL,12,-0.1837594436558873,0.8465014290592711,-0.0379766404264025,0.300439999414538,0.3010095939016118,0.0340308209907869,M5,4,12,-0.000812023130925,0.5646113975826365,2.393917602141144e-05,0.0027751807332874
RIAR,8,-0.6538614239723901,0.2211037910996942,0.3217470227877921,0.2762740307853686,0.2873336376524244,0.0352592917220801,M5,4,8,-0.4273334049199001,-0.6355434809363878,-0.0046159112000853,1.1880088073269084e-05
RIVL,18,0.2225658229043851,1.1698026739271312,-0.3723543772330284,0.3247587544281469,0.3116425105669365,0.0315607940772184,M5,4,18,0.7485732813203636,-0.0934838537776352,0.0089060890867724,0.0014906534557212
RIVR,16,0.0981208101907557,1.1795305985740885,-0.4097446326141712,0.3164091599563247,0.3125394040200995,0.0303846290745015,M5,4,16,0.4700242712550891,0.0466141892165757,0.0053439475837439,0.0017766218685239
RMDDL,16,0.0296303694832981,-0.4230037409606713,-0.4593019462631558,0.311582021647975,0.2614064477560425,0.0293952902405264,M5,4,16,-0.5524674764449905,-0.0744872539949478,-0.0066317251077768,0.0015712058909729
RMDDR,12,-0.6153954335504296,-0.8163818557598909,-0.1027906919610748,0.2665999960303936,0.2431975809919437,0.0315064663601046,M5,4,12,-0.942716171578212,0.17479583168,-0.0116117523876625,0.0020675840174864
RMDL,14,0.2795757998329455,0.7687535005908178,-0.3882559505063622,0.328496120471514,0.3005877346415047,0.0307186085523024,M5,4,14,0.6756667893431924,-0.0995557832409686,0.0077740651365826,0.0013650838628343
RMDR,5,0.0782728225783796,0.2214293347063168,0.0136247956751461,0.3077435130706229,0.2777035488588672,0.0343867239589876,M5,4,5,-0.2372444627302236,0.1406319257513246,-0.0023789357861373,0.0016868219526128
RMDVL,14,-0.1755209417227073,-0.282837641376843,-0.229082894359921,0.2978390873610715,0.2643533889785668,0.0341060868656329,M5,4,14,-0.2544299246126703,0.2354513088499852,-0.003237156578865,0.0021318504535505
RMDVR,14,-0.4799866813668044,-0.3759817258830704,-0.3568643833473587,0.2812703243916032,0.2592125326069879,0.0325330410706692,M5,4,14,-0.6623643266704505,0.1500614267984522,-0.0081283012576493,0.0019585329168993
RMED,3,1.478310368444708,0.8179836691275876,-0.1296351002567551,0.4125583198220051,0.3061367147623725,0.0431937976881467,M5,4,3,0.819458380045882,-0.1183745269188493,0.0097971756111028,0.0012967234478309
RMGL,6,-1.470420813415002,-1.4439115699115137,-0.1405108241389535,0.2042664801754617,0.2165616416352001,0.0289625386059149,M5,4,6,-1.035804132673779,0.3714297853095802,-0.0119244247588852,0.0027262064892754
SMDDL,6,0.3065103132549489,0.1203397458649834,-0.2598375257530504,0.3186867199433155,0.2724544321072679,0.0289908931569615,M5,4,6,-0.1053224143829397,0.15134744460093,-0.0005988650178808,0.0017500633030809
SMDDR,4,0.3387660425601925,-0.3923540879598239,-0.0435441133112214,0.3220711314299433,0.2550536332624897,0.0309232048624276,M5,4,4,0.0693327047672212,-0.4708360717320621,0.0011083779839393,0.0009773979629134
SMDVL,16,0.1854028045882689,0.5686583352756088,0.2449346790557313,0.3224401288297429,0.2929544528698112,0.0349480706527624,M5,4,16,0.623098006230089,-0.0788861518757795,0.0071663161134776,0.0013856719987956
SMDVR,12,-0.217310737455457,0.1706388679241026,0.1951861002508603,0.2917606718563386,0.2735408271185262,0.0335241484154087,M5,4,12,-0.3790456240667081,0.3481593816600853,-0.0043045265414427,0.0023683002268913
URYDL,13,0.3717420068168149,0.1840080143589056,0.1780844549181107,0.3335911005202415,0.2811142897878494,0.0332175531879088,M5,4,13,-0.1998626565562027,0.1743937092871985,-0.0026194249786749,0.0020885839047361
URYDR,13,-0.4307450669256278,-0.216299999755609,-0.1336361146085868,0.2858035778632538,0.2676802330914169,0.032442388949004,M5,4,13,-0.5307994278407288,-0.2389350010169011,-0.0063314549837498,0.0008248251253501
URYVR,12,0.0870292838664386,-0.2493184019559906,-0.4602700378989593,0.3082030912444376,0.2574287423566837,0.0295411464179789,M5,4,12,-0.4443696535519861,0.2266643979634323,-0.0056153229092981,0.0023969479492762
