Subject,Region,RegionID,Division,PostDCA,NeuronCount,RegionwiseMetastability,GlobalMetastability,TraceSource,MetastabilityDefinition
12,lOB,20,Tel,0.8396904821626903,223,0.209685054144486,0.04521054040336667,spot_data,var_t(mean_j cos(phi_i(t)-phi_j(t)))
12,lP,22,Tel,1.231407127758574,933,0.18051482278483616,0.04521054040336667,spot_data,var_t(mean_j cos(phi_i(t)-phi_j(t)))
12,lPO,25,Tel,1.5972895725725633,425,0.14582811085408143,0.04521054040336667,spot_data,var_t(mean_j cos(phi_i(t)-phi_j(t)))
12,lSP,28,Tel,1.3712731940440057,679,0.13989726344943426,0.04521054040336667,spot_data,var_t(mean_j cos(phi_i(t)-phi_j(t)))
12,rP,58,Tel,1.6274838194004198,976,0.16046010301671532,0.04521054040336667,spot_data,var_t(mean_j cos(phi_i(t)-phi_j(t)))
12,rPO,61,Tel,1.5828504374539252,382,0.13649410747301474,0.04521054040336667,spot_data,var_t(mean_j cos(phi_i(t)-phi_j(t)))
12,rSP,64,Tel,0.8449219250677052,658,0.13937752235601858,0.04521054040336667,spot_data,var_t(mean_j cos(phi_i(t)-phi_j(t)))
12,lHb,16,Di,2.3676084202295034,309,0.23310899439078453,0.04521054040336667,spot_data,var_t(mean_j cos(phi_i(t)-phi_j(t)))
12,lPT,24,Di,0.4045887279983318,379,0.0978955536242464,0.04521054040336667,spot_data,var_t(mean_j cos(phi_i(t)-phi_j(t)))
12,lPrT,26,Di,-0.760839251044076,407,0.0705153749729216,0.04521054040336667,spot_data,var_t(mean_j cos(phi_i(t)-phi_j(t)))
12,lTh,30,Di,-0.27932436463978083,1186,0.13276581874283924,0.04521054040336667,spot_data,var_t(mean_j cos(phi_i(t)-phi_j(t)))
12,rHb,52,Di,1.269284446459516,260,0.2100904846508575,0.04521054040336667,spot_data,var_t(mean_j cos(phi_i(t)-phi_j(t)))
12,rPT,60,Di,0.6955220273189893,407,0.1593115725177437,0.04521054040336667,spot_data,var_t(mean_j cos(phi_i(t)-phi_j(t)))
12,rPrT,62,Di,-0.8729101402526896,577,0.07567480708276043,0.04521054040336667,spot_data,var_t(mean_j cos(phi_i(t)-phi_j(t)))
12,rTh,66,Di,0.12267948011021526,1297,0.13993324947556438,0.04521054040336667,spot_data,var_t(mean_j cos(phi_i(t)-phi_j(t)))
12,lTS,32,Mes,-0.038289558822681,404,0.14915433045144583,0.04521054040336667,spot_data,var_t(mean_j cos(phi_i(t)-phi_j(t)))
12,lTeO,29,Mes,-0.22102994971595435,6182,0.14711144619429117,0.04521054040336667,spot_data,var_t(mean_j cos(phi_i(t)-phi_j(t)))
12,rTS,68,Mes,-0.0707917864782934,130,0.18470249538204392,0.04521054040336667,spot_data,var_t(mean_j cos(phi_i(t)-phi_j(t)))
12,rTeO,65,Mes,-0.9360345644680327,7358,0.16326959359940085,0.04521054040336667,spot_data,var_t(mean_j cos(phi_i(t)-phi_j(t)))
12,lCb,1,Hind,-0.23156409707923123,1625,0.10729550133663043,0.04521054040336667,spot_data,var_t(mean_j cos(phi_i(t)-phi_j(t)))
12,lMON,0,Hind,-0.1885718314625819,863,0.16625944752705074,0.04521054040336667,spot_data,var_t(mean_j cos(phi_i(t)-phi_j(t)))
12,lMOS1,2,Hind,0.20229532589358945,1419,0.07581162821054058,0.04521054040336667,spot_data,var_t(mean_j cos(phi_i(t)-phi_j(t)))
12,lMOS2,3,Hind,-0.007147165310974443,558,0.07988240300325591,0.04521054040336667,spot_data,var_t(mean_j cos(phi_i(t)-phi_j(t)))
12,lMOS3,4,Hind,-0.5280442068802194,1297,0.09176480995566798,0.04521054040336667,spot_data,var_t(mean_j cos(phi_i(t)-phi_j(t)))
12,lMOS4,5,Hind,0.1781221791123736,882,0.09281926530136847,0.04521054040336667,spot_data,var_t(mean_j cos(phi_i(t)-phi_j(t)))
12,lMOS5,6,Hind,0.07904857777849517,1182,0.08395073567486917,0.04521054040336667,spot_data,var_t(mean_j cos(phi_i(t)-phi_j(t)))
12,lNX,35,Hind,0.5159242026090447,381,0.08379848217213445,0.04521054040336667,spot_data,var_t(mean_j cos(phi_i(t)-phi_j(t)))
12,lRa,10,Hind,-0.07359117253107073,254,0.15069464029679536,0.04521054040336667,spot_data,var_t(mean_j cos(phi_i(t)-phi_j(t)))
12,lT,11,Hind,-0.7772193815657938,1266,0.05972801141789328,0.04521054040336667,spot_data,var_t(mean_j cos(phi_i(t)-phi_j(t)))
12,laRF,12,Hind,-0.564318946902863,264,0.06955420240757694,0.04521054040336667,spot_data,var_t(mean_j cos(phi_i(t)-phi_j(t)))
12,limRF,13,Hind,-1.4314709184810288,382,0.10802939621987603,0.04521054040336667,spot_data,var_t(mean_j cos(phi_i(t)-phi_j(t)))
12,lpRF,14,Hind,-0.6214145198808102,485,0.1168809505868307,0.04521054040336667,spot_data,var_t(mean_j cos(phi_i(t)-phi_j(t)))
12,rCb,37,Hind,-0.5336652505464933,1685,0.07815118838757716,0.04521054040336667,spot_data,var_t(mean_j cos(phi_i(t)-phi_j(t)))
12,rMON,36,Hind,-0.20825183989935483,1120,0.17193301475537368,0.04521054040336667,spot_data,var_t(mean_j cos(phi_i(t)-phi_j(t)))
12,rMOS1,38,Hind,0.16364639867929043,1483,0.10412192136440998,0.04521054040336667,spot_data,var_t(mean_j cos(phi_i(t)-phi_j(t)))
12,rMOS2,39,Hind,0.8422349936180663,554,0.08999372065926942,0.04521054040336667,spot_data,var_t(mean_j cos(phi_i(t)-phi_j(t)))
12,rMOS3,40,Hind,-0.5651363701456422,1496,0.11253431471728743,0.04521054040336667,spot_data,var_t(mean_j cos(phi_i(t)-phi_j(t)))
12,rMOS4,41,Hind,0.12590502818072719,1113,0.06757184028920048,0.04521054040336667,spot_data,var_t(mean_j cos(phi_i(t)-phi_j(t)))
12,rMOS5,42,Hind,0.14031625821006288,1530,0.10317480704800674,0.04521054040336667,spot_data,var_t(mean_j cos(phi_i(t)-phi_j(t)))
12,rNX,71,Hind,-0.6893400895121092,484,0.09843141551994941,0.04521054040336667,spot_data,var_t(mean_j cos(phi_i(t)-phi_j(t)))
12,rRa,46,Hind,-0.7676411283127857,201,0.14372642766180277,0.04521054040336667,spot_data,var_t(mean_j cos(phi_i(t)-phi_j(t)))
12,rT,47,Hind,-1.0407411074881572,1437,0.05840312708268576,0.04521054040336667,spot_data,var_t(mean_j cos(phi_i(t)-phi_j(t)))
12,raRF,48,Hind,-0.6631233902290617,208,0.07679773339260397,0.04521054040336667,spot_data,var_t(mean_j cos(phi_i(t)-phi_j(t)))
12,rimRF,49,Hind,-1.54619502907132,436,0.07756636620747297,0.04521054040336667,spot_data,var_t(mean_j cos(phi_i(t)-phi_j(t)))
12,rpRF,50,Hind,0.10367599956677641,535,0.11991452585067246,0.04521054040336667,spot_data,var_t(mean_j cos(phi_i(t)-phi_j(t)))
13,lOB,20,Tel,0.8396904821626903,254,0.19758926151856143,0.042079585742523594,spot_data,var_t(mean_j cos(phi_i(t)-phi_j(t)))
13,lP,22,Tel,1.231407127758574,1563,0.12145100151527548,0.042079585742523594,spot_data,var_t(mean_j cos(phi_i(t)-phi_j(t)))
13,lPO,25,Tel,1.5972895725725633,557,0.11578090742781266,0.042079585742523594,spot_data,var_t(mean_j cos(phi_i(t)-phi_j(t)))
13,lSP,28,Tel,1.3712731940440057,988,0.12814196394194186,0.042079585742523594,spot_data,var_t(mean_j cos(phi_i(t)-phi_j(t)))
13,rP,58,Tel,1.6274838194004198,1354,0.11577423569646891,0.042079585742523594,spot_data,var_t(mean_j cos(phi_i(t)-phi_j(t)))
13,rPO,61,Tel,1.5828504374539252,624,0.11490121898655777,0.042079585742523594,spot_data,var_t(mean_j cos(phi_i(t)-phi_j(t)))
13,rSP,64,Tel,0.8449219250677052,1066,0.1251796041974295,0.042079585742523594,spot_data,var_t(mean_j cos(phi_i(t)-phi_j(t)))
13,lHb,16,Di,2.3676084202295034,556,0.2136649246883664,0.042079585742523594,spot_data,var_t(mean_j cos(phi_i(t)-phi_j(t)))
13,lPT,24,Di,0.4045887279983318,420,0.1376839381812259,0.042079585742523594,spot_data,var_t(mean_j cos(phi_i(t)-phi_j(t)))
13,lPrT,26,Di,-0.760839251044076,541,0.1254342211811189,0.042079585742523594,spot_data,var_t(mean_j cos(phi_i(t)-phi_j(t)))
13,lTh,30,Di,-0.27932436463978083,901,0.11213947034406667,0.042079585742523594,spot_data,var_t(mean_j cos(phi_i(t)-phi_j(t)))
13,rHb,52,Di,1.269284446459516,466,0.20023830300437898,0.042079585742523594,spot_data,var_t(mean_j cos(phi_i(t)-phi_j(t)))
13,rPT,60,Di,0.6955220273189893,499,0.13687356158527564,0.042079585742523594,spot_data,var_t(mean_j cos(phi_i(t)-phi_j(t)))
13,rPrT,62,Di,-0.8729101402526896,493,0.09206623168474802,0.042079585742523594,spot_data,var_t(mean_j cos(phi_i(t)-phi_j(t)))
13,rTh,66,Di,0.12267948011021526,1300,0.11934398524838748,0.042079585742523594,spot_data,var_t(mean_j cos(phi_i(t)-phi_j(t)))
13,lTS,32,Mes,-0.038289558822681,118,0.19756182877611483,0.042079585742523594,spot_data,var_t(mean_j cos(phi_i(t)-phi_j(t)))
13,lTeO,29,Mes,-0.22102994971595435,7514,0.159462246995958,0.042079585742523594,spot_data,var_t(mean_j cos(phi_i(t)-phi_j(t)))
13,rTS,68,Mes,-0.0707917864782934,144,0.15839418093781568,0.042079585742523594,spot_data,var_t(mean_j cos(phi_i(t)-phi_j(t)))
13,rTeO,65,Mes,-0.9360345644680327,7228,0.1464945945859272,0.042079585742523594,spot_data,var_t(mean_j cos(phi_i(t)-phi_j(t)))
13,lCb,1,Hind,-0.23156409707923123,1875,0.09846423837966557,0.042079585742523594,spot_data,var_t(mean_j cos(phi_i(t)-phi_j(t)))
13,lMON,0,Hind,-0.1885718314625819,1012,0.1838613793020989,0.042079585742523594,spot_data,var_t(mean_j cos(phi_i(t)-phi_j(t)))
13,lMOS1,2,Hind,0.20229532589358945,1217,0.08949446150229705,0.042079585742523594,spot_data,var_t(mean_j cos(phi_i(t)-phi_j(t)))
13,lMOS2,3,Hind,-0.007147165310974443,627,0.11138198721772778,0.042079585742523594,spot_data,var_t(mean_j cos(phi_i(t)-phi_j(t)))
13,lMOS3,4,Hind,-0.5280442068802194,1262,0.12876162189859813,0.042079585742523594,spot_data,var_t(mean_j cos(phi_i(t)-phi_j(t)))
13,lMOS4,5,Hind,0.1781221791123736,967,0.0775501680112842,0.042079585742523594,spot_data,var_t(mean_j cos(phi_i(t)-phi_j(t)))
13,lMOS5,6,Hind,0.07904857777849517,1257,0.14362858696709144,0.042079585742523594,spot_data,var_t(mean_j cos(phi_i(t)-phi_j(t)))
13,lNX,35,Hind,0.5159242026090447,340,0.12465995621948332,0.042079585742523594,spot_data,var_t(mean_j cos(phi_i(t)-phi_j(t)))
13,lRa,10,Hind,-0.07359117253107073,382,0.0964596270306314,0.042079585742523594,spot_data,var_t(mean_j cos(phi_i(t)-phi_j(t)))
13,lT,11,Hind,-0.7772193815657938,1384,0.09563099426092371,0.042079585742523594,spot_data,var_t(mean_j cos(phi_i(t)-phi_j(t)))
13,laRF,12,Hind,-0.564318946902863,603,0.12586759405057954,0.042079585742523594,spot_data,var_t(mean_j cos(phi_i(t)-phi_j(t)))
13,limRF,13,Hind,-1.4314709184810288,814,0.10898315615975164,0.042079585742523594,spot_data,var_t(mean_j cos(phi_i(t)-phi_j(t)))
13,lpRF,14,Hind,-0.6214145198808102,953,0.1052437460520415,0.042079585742523594,spot_data,var_t(mean_j cos(phi_i(t)-phi_j(t)))
13,rCb,37,Hind,-0.5336652505464933,1969,0.14043683840663926,0.042079585742523594,spot_data,var_t(mean_j cos(phi_i(t)-phi_j(t)))
13,rMON,36,Hind,-0.20825183989935483,1179,0.1822347360908855,0.042079585742523594,spot_data,var_t(mean_j cos(phi_i(t)-phi_j(t)))
13,rMOS1,38,Hind,0.16364639867929043,1455,0.08367864254636719,0.042079585742523594,spot_data,var_t(mean_j cos(phi_i(t)-phi_j(t)))
13,rMOS2,39,Hind,0.8422349936180663,648,0.10237853273463801,0.042079585742523594,spot_data,var_t(mean_j cos(phi_i(t)-phi_j(t)))
13,rMOS3,40,Hind,-0.5651363701456422,1513,0.1184821123972409,0.042079585742523594,spot_data,var_t(mean_j cos(phi_i(t)-phi_j(t)))
13,rMOS4,41,Hind,0.12590502818072719,1291,0.08851280975394879,0.042079585742523594,spot_data,var_t(mean_j cos(phi_i(t)-phi_j(t)))
13,rMOS5,42,Hind,0.14031625821006288,1685,0.12551218967771724,0.042079585742523594,spot_data,var_t(mean_j cos(phi_i(t)-phi_j(t)))
13,rNX,71,Hind,-0.6893400895121092,449,0.15667649449402385,0.042079585742523594,spot_data,var_t(mean_j cos(phi_i(t)-phi_j(t)))
13,rRa,46,Hind,-0.7676411283127857,231,0.11262895738023503,0.042079585742523594,spot_data,var_t(mean_j cos(phi_i(t)-phi_j(t)))
13,rT,47,Hind,-1.0407411074881572,1382,0.0645883333997651,0.042079585742523594,spot_data,var_t(mean_j cos(phi_i(t)-phi_j(t)))
13,raRF,48,Hind,-0.6631233902290617,704,0.09002726424338713,0.042079585742523594,spot_data,var_t(mean_j cos(phi_i(t)-phi_j(t)))
13,rimRF,49,Hind,-1.54619502907132,777,0.09288430754620353,0.042079585742523594,spot_data,var_t(mean_j cos(phi_i(t)-phi_j(t)))
13,rpRF,50,Hind,0.10367599956677641,1043,0.10899170059860754,0.042079585742523594,spot_data,var_t(mean_j cos(phi_i(t)-phi_j(t)))
14,lOB,20,Tel,0.8396904821626903,192,0.2535919636124747,0.0332689990645755,spot_data,var_t(mean_j cos(phi_i(t)-phi_j(t)))
14,lP,22,Tel,1.231407127758574,1221,0.1545620233740195,0.0332689990645755,spot_data,var_t(mean_j cos(phi_i(t)-phi_j(t)))
14,lPO,25,Tel,1.5972895725725633,631,0.10042902206211121,0.0332689990645755,spot_data,var_t(mean_j cos(phi_i(t)-phi_j(t)))
14,lSP,28,Tel,1.3712731940440057,1001,0.17509682764452303,0.0332689990645755,spot_data,var_t(mean_j cos(phi_i(t)-phi_j(t)))
14,rP,58,Tel,1.6274838194004198,1123,0.1231768698578337,0.0332689990645755,spot_data,var_t(mean_j cos(phi_i(t)-phi_j(t)))
14,rPO,61,Tel,1.5828504374539252,624,0.09793713822460626,0.0332689990645755,spot_data,var_t(mean_j cos(phi_i(t)-phi_j(t)))
14,rSP,64,Tel,0.8449219250677052,895,0.15261192319368871,0.0332689990645755,spot_data,var_t(mean_j cos(phi_i(t)-phi_j(t)))
14,lHb,16,Di,2.3676084202295034,532,0.16587282532274591,0.0332689990645755,spot_data,var_t(mean_j cos(phi_i(t)-phi_j(t)))
14,lPT,24,Di,0.4045887279983318,437,0.05899551775567805,0.0332689990645755,spot_data,var_t(mean_j cos(phi_i(t)-phi_j(t)))
14,lPrT,26,Di,-0.760839251044076,652,0.07883434222836856,0.0332689990645755,spot_data,var_t(mean_j cos(phi_i(t)-phi_j(t)))
14,lTh,30,Di,-0.27932436463978083,1209,0.11477881654086057,0.0332689990645755,spot_data,var_t(mean_j cos(phi_i(t)-phi_j(t)))
14,rHb,52,Di,1.269284446459516,452,0.23461000741480592,0.0332689990645755,spot_data,var_t(mean_j cos(phi_i(t)-phi_j(t)))
14,rPT,60,Di,0.6955220273189893,435,0.07135166741596298,0.0332689990645755,spot_data,var_t(mean_j cos(phi_i(t)-phi_j(t)))
14,rPrT,62,Di,-0.8729101402526896,624,0.07157661511701584,0.0332689990645755,spot_data,var_t(mean_j cos(phi_i(t)-phi_j(t)))
14,rTh,66,Di,0.12267948011021526,1386,0.12052143891455618,0.0332689990645755,spot_data,var_t(mean_j cos(phi_i(t)-phi_j(t)))
14,lTS,32,Mes,-0.038289558822681,251,0.26775811627889456,0.0332689990645755,spot_data,var_t(mean_j cos(phi_i(t)-phi_j(t)))
14,lTeO,29,Mes,-0.22102994971595435,7219,0.09560688293593766,0.0332689990645755,spot_data,var_t(mean_j cos(phi_i(t)-phi_j(t)))
14,rTS,68,Mes,-0.0707917864782934,203,0.24175119346273283,0.0332689990645755,spot_data,var_t(mean_j cos(phi_i(t)-phi_j(t)))
14,rTeO,65,Mes,-0.9360345644680327,6806,0.14015781248608278,0.0332689990645755,spot_data,var_t(mean_j cos(phi_i(t)-phi_j(t)))
14,lCb,1,Hind,-0.23156409707923123,1873,0.0877367043597525,0.0332689990645755,spot_data,var_t(mean_j cos(phi_i(t)-phi_j(t)))
14,lMON,0,Hind,-0.1885718314625819,1151,0.17790060705941974,0.0332689990645755,spot_data,var_t(mean_j cos(phi_i(t)-phi_j(t)))
14,lMOS1,2,Hind,0.20229532589358945,1898,0.08331842114527988,0.0332689990645755,spot_data,var_t(mean_j cos(phi_i(t)-phi_j(t)))
14,lMOS2,3,Hind,-0.007147165310974443,1068,0.09441136792687867,0.0332689990645755,spot_data,var_t(mean_j cos(phi_i(t)-phi_j(t)))
14,lMOS3,4,Hind,-0.5280442068802194,1413,0.10531814687025122,0.0332689990645755,spot_data,var_t(mean_j cos(phi_i(t)-phi_j(t)))
14,lMOS4,5,Hind,0.1781221791123736,1173,0.07800205940430212,0.0332689990645755,spot_data,var_t(mean_j cos(phi_i(t)-phi_j(t)))
14,lMOS5,6,Hind,0.07904857777849517,1380,0.06280139018292137,0.0332689990645755,spot_data,var_t(mean_j cos(phi_i(t)-phi_j(t)))
14,lNX,35,Hind,0.5159242026090447,653,0.12240477112135771,0.0332689990645755,spot_data,var_t(mean_j cos(phi_i(t)-phi_j(t)))
14,lRa,10,Hind,-0.07359117253107073,636,0.07680111852778146,0.0332689990645755,spot_data,var_t(mean_j cos(phi_i(t)-phi_j(t)))
14,lT,11,Hind,-0.7772193815657938,1553,0.10458641789166628,0.0332689990645755,spot_data,var_t(mean_j cos(phi_i(t)-phi_j(t)))
14,laRF,12,Hind,-0.564318946902863,405,0.11148642385215905,0.0332689990645755,spot_data,var_t(mean_j cos(phi_i(t)-phi_j(t)))
14,limRF,13,Hind,-1.4314709184810288,606,0.10493145113641718,0.0332689990645755,spot_data,var_t(mean_j cos(phi_i(t)-phi_j(t)))
14,lpRF,14,Hind,-0.6214145198808102,745,0.1003495363913062,0.0332689990645755,spot_data,var_t(mean_j cos(phi_i(t)-phi_j(t)))
14,rCb,37,Hind,-0.5336652505464933,1784,0.06488494973383241,0.0332689990645755,spot_data,var_t(mean_j cos(phi_i(t)-phi_j(t)))
14,rMON,36,Hind,-0.20825183989935483,1275,0.18819873261225223,0.0332689990645755,spot_data,var_t(mean_j cos(phi_i(t)-phi_j(t)))
14,rMOS1,38,Hind,0.16364639867929043,1923,0.041534393512342005,0.0332689990645755,spot_data,var_t(mean_j cos(phi_i(t)-phi_j(t)))
14,rMOS2,39,Hind,0.8422349936180663,913,0.07105345756539193,0.0332689990645755,spot_data,var_t(mean_j cos(phi_i(t)-phi_j(t)))
14,rMOS3,40,Hind,-0.5651363701456422,1490,0.05055787166503053,0.0332689990645755,spot_data,var_t(mean_j cos(phi_i(t)-phi_j(t)))
14,rMOS4,41,Hind,0.12590502818072719,1294,0.05430989711840067,0.0332689990645755,spot_data,var_t(mean_j cos(phi_i(t)-phi_j(t)))
14,rMOS5,42,Hind,0.14031625821006288,1831,0.09374369843788725,0.0332689990645755,spot_data,var_t(mean_j cos(phi_i(t)-phi_j(t)))
14,rNX,71,Hind,-0.6893400895121092,781,0.17548096320602155,0.0332689990645755,spot_data,var_t(mean_j cos(phi_i(t)-phi_j(t)))
14,rRa,46,Hind,-0.7676411283127857,379,0.1393570063488988,0.0332689990645755,spot_data,var_t(mean_j cos(phi_i(t)-phi_j(t)))
14,rT,47,Hind,-1.0407411074881572,1615,0.06664085168871361,0.0332689990645755,spot_data,var_t(mean_j cos(phi_i(t)-phi_j(t)))
14,raRF,48,Hind,-0.6631233902290617,457,0.06465025355344474,0.0332689990645755,spot_data,var_t(mean_j cos(phi_i(t)-phi_j(t)))
14,rimRF,49,Hind,-1.54619502907132,664,0.056522588711749325,0.0332689990645755,spot_data,var_t(mean_j cos(phi_i(t)-phi_j(t)))
14,rpRF,50,Hind,0.10367599956677641,947,0.07596634690581962,0.0332689990645755,spot_data,var_t(mean_j cos(phi_i(t)-phi_j(t)))
15,lOB,20,Tel,0.8396904821626903,26,0.33066277178005377,0.01039857893115201,spot_data,var_t(mean_j cos(phi_i(t)-phi_j(t)))
15,lP,22,Tel,1.231407127758574,697,0.04158313637629353,0.01039857893115201,spot_data,var_t(mean_j cos(phi_i(t)-phi_j(t)))
15,lPO,25,Tel,1.5972895725725633,419,0.05134875272352328,0.01039857893115201,spot_data,var_t(mean_j cos(phi_i(t)-phi_j(t)))
15,lSP,28,Tel,1.3712731940440057,545,0.07416140266645121,0.01039857893115201,spot_data,var_t(mean_j cos(phi_i(t)-phi_j(t)))
15,rP,58,Tel,1.6274838194004198,706,0.04948111587885351,0.01039857893115201,spot_data,var_t(mean_j cos(phi_i(t)-phi_j(t)))
15,rPO,61,Tel,1.5828504374539252,372,0.0813653463040159,0.01039857893115201,spot_data,var_t(mean_j cos(phi_i(t)-phi_j(t)))
15,rSP,64,Tel,0.8449219250677052,515,0.0800129248817572,0.01039857893115201,spot_data,var_t(mean_j cos(phi_i(t)-phi_j(t)))
15,lHb,16,Di,2.3676084202295034,170,0.17987784354205832,0.01039857893115201,spot_data,var_t(mean_j cos(phi_i(t)-phi_j(t)))
15,lPT,24,Di,0.4045887279983318,345,0.015379253596705755,0.01039857893115201,spot_data,var_t(mean_j cos(phi_i(t)-phi_j(t)))
15,lPrT,26,Di,-0.760839251044076,349,0.018139753711696082,0.01039857893115201,spot_data,var_t(mean_j cos(phi_i(t)-phi_j(t)))
15,lTh,30,Di,-0.27932436463978083,1008,0.024256457259660913,0.01039857893115201,spot_data,var_t(mean_j cos(phi_i(t)-phi_j(t)))
15,rHb,52,Di,1.269284446459516,198,0.3013483998287216,0.01039857893115201,spot_data,var_t(mean_j cos(phi_i(t)-phi_j(t)))
15,rPT,60,Di,0.6955220273189893,352,0.07800375110871205,0.01039857893115201,spot_data,var_t(mean_j cos(phi_i(t)-phi_j(t)))
15,rPrT,62,Di,-0.8729101402526896,406,0.016818837096997583,0.01039857893115201,spot_data,var_t(mean_j cos(phi_i(t)-phi_j(t)))
15,rTh,66,Di,0.12267948011021526,1027,0.05660214289868851,0.01039857893115201,spot_data,var_t(mean_j cos(phi_i(t)-phi_j(t)))
15,lTS,32,Mes,-0.038289558822681,62,0.16568553625709828,0.01039857893115201,spot_data,var_t(mean_j cos(phi_i(t)-phi_j(t)))
15,lTeO,29,Mes,-0.22102994971595435,4238,0.07857322041484117,0.01039857893115201,spot_data,var_t(mean_j cos(phi_i(t)-phi_j(t)))
15,rTS,68,Mes,-0.0707917864782934,91,0.08371845948103482,0.01039857893115201,spot_data,var_t(mean_j cos(phi_i(t)-phi_j(t)))
15,rTeO,65,Mes,-0.9360345644680327,4463,0.18053814977386162,0.01039857893115201,spot_data,var_t(mean_j cos(phi_i(t)-phi_j(t)))
15,lCb,1,Hind,-0.23156409707923123,1485,0.022448519633888102,0.01039857893115201,spot_data,var_t(mean_j cos(phi_i(t)-phi_j(t)))
15,lMON,0,Hind,-0.1885718314625819,898,0.30339982027627854,0.01039857893115201,spot_data,var_t(mean_j cos(phi_i(t)-phi_j(t)))
15,lMOS1,2,Hind,0.20229532589358945,1366,0.01789794052161232,0.01039857893115201,spot_data,var_t(mean_j cos(phi_i(t)-phi_j(t)))
15,lMOS2,3,Hind,-0.007147165310974443,534,0.01654133211453673,0.01039857893115201,spot_data,var_t(mean_j cos(phi_i(t)-phi_j(t)))
15,lMOS3,4,Hind,-0.5280442068802194,1243,0.029506665377836895,0.01039857893115201,spot_data,var_t(mean_j cos(phi_i(t)-phi_j(t)))
15,lMOS4,5,Hind,0.1781221791123736,944,0.020104796949902668,0.01039857893115201,spot_data,var_t(mean_j cos(phi_i(t)-phi_j(t)))
15,lMOS5,6,Hind,0.07904857777849517,1131,0.06546922434446628,0.01039857893115201,spot_data,var_t(mean_j cos(phi_i(t)-phi_j(t)))
15,lNX,35,Hind,0.5159242026090447,442,0.030697144868882892,0.01039857893115201,spot_data,var_t(mean_j cos(phi_i(t)-phi_j(t)))
15,lRa,10,Hind,-0.07359117253107073,332,0.02370578877412291,0.01039857893115201,spot_data,var_t(mean_j cos(phi_i(t)-phi_j(t)))
15,lT,11,Hind,-0.7772193815657938,604,0.015475499053324964,0.01039857893115201,spot_data,var_t(mean_j cos(phi_i(t)-phi_j(t)))
15,laRF,12,Hind,-0.564318946902863,421,0.019434622006020887,0.01039857893115201,spot_data,var_t(mean_j cos(phi_i(t)-phi_j(t)))
15,limRF,13,Hind,-1.4314709184810288,596,0.06355919813745871,0.01039857893115201,spot_data,var_t(mean_j cos(phi_i(t)-phi_j(t)))
15,lpRF,14,Hind,-0.6214145198808102,762,0.10462030009935123,0.01039857893115201,spot_data,var_t(mean_j cos(phi_i(t)-phi_j(t)))
15,rCb,37,Hind,-0.5336652505464933,1679,0.015801850162643707,0.01039857893115201,spot_data,var_t(mean_j cos(phi_i(t)-phi_j(t)))
15,rMON,36,Hind,-0.20825183989935483,1007,0.3628234711603801,0.01039857893115201,spot_data,var_t(mean_j cos(phi_i(t)-phi_j(t)))
15,rMOS1,38,Hind,0.16364639867929043,1276,0.01498036649059653,0.01039857893115201,spot_data,var_t(mean_j cos(phi_i(t)-phi_j(t)))
15,rMOS2,39,Hind,0.8422349936180663,543,0.022075571957354687,0.01039857893115201,spot_data,var_t(mean_j cos(phi_i(t)-phi_j(t)))
15,rMOS3,40,Hind,-0.5651363701456422,1298,0.01596860256549378,0.01039857893115201,spot_data,var_t(mean_j cos(phi_i(t)-phi_j(t)))
15,rMOS4,41,Hind,0.12590502818072719,1101,0.019009885748678932,0.01039857893115201,spot_data,var_t(mean_j cos(phi_i(t)-phi_j(t)))
15,rMOS5,42,Hind,0.14031625821006288,1356,0.08645395987961618,0.01039857893115201,spot_data,var_t(mean_j cos(phi_i(t)-phi_j(t)))
15,rNX,71,Hind,-0.6893400895121092,822,0.02728467846167438,0.01039857893115201,spot_data,var_t(mean_j cos(phi_i(t)-phi_j(t)))
15,rRa,46,Hind,-0.7676411283127857,204,0.01565571274200245,0.01039857893115201,spot_data,var_t(mean_j cos(phi_i(t)-phi_j(t)))
15,rT,47,Hind,-1.0407411074881572,876,0.01479445718757205,0.01039857893115201,spot_data,var_t(mean_j cos(phi_i(t)-phi_j(t)))
15,raRF,48,Hind,-0.6631233902290617,545,0.015209703295900455,0.01039857893115201,spot_data,var_t(mean_j cos(phi_i(t)-phi_j(t)))
15,rimRF,49,Hind,-1.54619502907132,633,0.019163059400259617,0.01039857893115201,spot_data,var_t(mean_j cos(phi_i(t)-phi_j(t)))
15,rpRF,50,Hind,0.10367599956677641,861,0.04867821106822557,0.01039857893115201,spot_data,var_t(mean_j cos(phi_i(t)-phi_j(t)))
16,lOB,20,Tel,0.8396904821626903,330,0.14453990773576636,0.03521377909635857,spot_data,var_t(mean_j cos(phi_i(t)-phi_j(t)))
16,lP,22,Tel,1.231407127758574,875,0.11298463183962387,0.03521377909635857,spot_data,var_t(mean_j cos(phi_i(t)-phi_j(t)))
16,lPO,25,Tel,1.5972895725725633,568,0.12312614008740377,0.03521377909635857,spot_data,var_t(mean_j cos(phi_i(t)-phi_j(t)))
16,lSP,28,Tel,1.3712731940440057,822,0.1084342915899358,0.03521377909635857,spot_data,var_t(mean_j cos(phi_i(t)-phi_j(t)))
16,rP,58,Tel,1.6274838194004198,703,0.13280659364658995,0.03521377909635857,spot_data,var_t(mean_j cos(phi_i(t)-phi_j(t)))
16,rPO,61,Tel,1.5828504374539252,514,0.11731149599163872,0.03521377909635857,spot_data,var_t(mean_j cos(phi_i(t)-phi_j(t)))
16,rSP,64,Tel,0.8449219250677052,614,0.122035963941814,0.03521377909635857,spot_data,var_t(mean_j cos(phi_i(t)-phi_j(t)))
16,lHb,16,Di,2.3676084202295034,285,0.1483483992642494,0.03521377909635857,spot_data,var_t(mean_j cos(phi_i(t)-phi_j(t)))
16,lPT,24,Di,0.4045887279983318,380,0.09396511230327154,0.03521377909635857,spot_data,var_t(mean_j cos(phi_i(t)-phi_j(t)))
16,lPrT,26,Di,-0.760839251044076,339,0.051095359665686534,0.03521377909635857,spot_data,var_t(mean_j cos(phi_i(t)-phi_j(t)))
16,lTh,30,Di,-0.27932436463978083,941,0.0643883518015388,0.03521377909635857,spot_data,var_t(mean_j cos(phi_i(t)-phi_j(t)))
16,rHb,52,Di,1.269284446459516,289,0.12887185862102407,0.03521377909635857,spot_data,var_t(mean_j cos(phi_i(t)-phi_j(t)))
16,rPT,60,Di,0.6955220273189893,423,0.10993334846403567,0.03521377909635857,spot_data,var_t(mean_j cos(phi_i(t)-phi_j(t)))
16,rPrT,62,Di,-0.8729101402526896,444,0.06041959343856639,0.03521377909635857,spot_data,var_t(mean_j cos(phi_i(t)-phi_j(t)))
16,rTh,66,Di,0.12267948011021526,1123,0.10024343279288085,0.03521377909635857,spot_data,var_t(mean_j cos(phi_i(t)-phi_j(t)))
16,lTS,32,Mes,-0.038289558822681,212,0.17769365457478314,0.03521377909635857,spot_data,var_t(mean_j cos(phi_i(t)-phi_j(t)))
16,lTeO,29,Mes,-0.22102994971595435,6165,0.07630589330755375,0.03521377909635857,spot_data,var_t(mean_j cos(phi_i(t)-phi_j(t)))
16,rTS,68,Mes,-0.0707917864782934,98,0.1473439581864948,0.03521377909635857,spot_data,var_t(mean_j cos(phi_i(t)-phi_j(t)))
16,rTeO,65,Mes,-0.9360345644680327,6402,0.07996008582444716,0.03521377909635857,spot_data,var_t(mean_j cos(phi_i(t)-phi_j(t)))
16,lCb,1,Hind,-0.23156409707923123,1796,0.09326528747013468,0.03521377909635857,spot_data,var_t(mean_j cos(phi_i(t)-phi_j(t)))
16,lMON,0,Hind,-0.1885718314625819,979,0.16729765663612872,0.03521377909635857,spot_data,var_t(mean_j cos(phi_i(t)-phi_j(t)))
16,lMOS1,2,Hind,0.20229532589358945,1451,0.07648174624024918,0.03521377909635857,spot_data,var_t(mean_j cos(phi_i(t)-phi_j(t)))
16,lMOS2,3,Hind,-0.007147165310974443,563,0.059315159191563625,0.03521377909635857,spot_data,var_t(mean_j cos(phi_i(t)-phi_j(t)))
16,lMOS3,4,Hind,-0.5280442068802194,1343,0.07894620760158459,0.03521377909635857,spot_data,var_t(mean_j cos(phi_i(t)-phi_j(t)))
16,lMOS4,5,Hind,0.1781221791123736,1047,0.05244957851949886,0.03521377909635857,spot_data,var_t(mean_j cos(phi_i(t)-phi_j(t)))
16,lMOS5,6,Hind,0.07904857777849517,1227,0.13404695921394924,0.03521377909635857,spot_data,var_t(mean_j cos(phi_i(t)-phi_j(t)))
16,lNX,35,Hind,0.5159242026090447,658,0.07510941947698586,0.03521377909635857,spot_data,var_t(mean_j cos(phi_i(t)-phi_j(t)))
16,lRa,10,Hind,-0.07359117253107073,342,0.13348415992900403,0.03521377909635857,spot_data,var_t(mean_j cos(phi_i(t)-phi_j(t)))
16,lT,11,Hind,-0.7772193815657938,1109,0.08194125447167593,0.03521377909635857,spot_data,var_t(mean_j cos(phi_i(t)-phi_j(t)))
16,laRF,12,Hind,-0.564318946902863,421,0.1370302399117982,0.03521377909635857,spot_data,var_t(mean_j cos(phi_i(t)-phi_j(t)))
16,limRF,13,Hind,-1.4314709184810288,570,0.09481378966204446,0.03521377909635857,spot_data,var_t(mean_j cos(phi_i(t)-phi_j(t)))
16,lpRF,14,Hind,-0.6214145198808102,752,0.12099997456626285,0.03521377909635857,spot_data,var_t(mean_j cos(phi_i(t)-phi_j(t)))
16,rCb,37,Hind,-0.5336652505464933,1998,0.08854918821844003,0.03521377909635857,spot_data,var_t(mean_j cos(phi_i(t)-phi_j(t)))
16,rMON,36,Hind,-0.20825183989935483,1277,0.1263507489607053,0.03521377909635857,spot_data,var_t(mean_j cos(phi_i(t)-phi_j(t)))
16,rMOS1,38,Hind,0.16364639867929043,1425,0.05914334707149757,0.03521377909635857,spot_data,var_t(mean_j cos(phi_i(t)-phi_j(t)))
16,rMOS2,39,Hind,0.8422349936180663,609,0.07695470966498236,0.03521377909635857,spot_data,var_t(mean_j cos(phi_i(t)-phi_j(t)))
16,rMOS3,40,Hind,-0.5651363701456422,1433,0.09200436766280995,0.03521377909635857,spot_data,var_t(mean_j cos(phi_i(t)-phi_j(t)))
16,rMOS4,41,Hind,0.12590502818072719,1423,0.06840000271521329,0.03521377909635857,spot_data,var_t(mean_j cos(phi_i(t)-phi_j(t)))
16,rMOS5,42,Hind,0.14031625821006288,1751,0.10026915936542705,0.03521377909635857,spot_data,var_t(mean_j cos(phi_i(t)-phi_j(t)))
16,rNX,71,Hind,-0.6893400895121092,618,0.11320064827156728,0.03521377909635857,spot_data,var_t(mean_j cos(phi_i(t)-phi_j(t)))
16,rRa,46,Hind,-0.7676411283127857,202,0.1391956971879278,0.03521377909635857,spot_data,var_t(mean_j cos(phi_i(t)-phi_j(t)))
16,rT,47,Hind,-1.0407411074881572,1238,0.0793991757077096,0.03521377909635857,spot_data,var_t(mean_j cos(phi_i(t)-phi_j(t)))
16,raRF,48,Hind,-0.6631233902290617,387,0.12783032309638254,0.03521377909635857,spot_data,var_t(mean_j cos(phi_i(t)-phi_j(t)))
16,rimRF,49,Hind,-1.54619502907132,499,0.08781356939092533,0.03521377909635857,spot_data,var_t(mean_j cos(phi_i(t)-phi_j(t)))
16,rpRF,50,Hind,0.10367599956677641,804,0.14206800996636776,0.03521377909635857,spot_data,var_t(mean_j cos(phi_i(t)-phi_j(t)))
17,lOB,20,Tel,0.8396904821626903,213,0.16017991778799,0.04717952069474668,spot_data,var_t(mean_j cos(phi_i(t)-phi_j(t)))
17,lP,22,Tel,1.231407127758574,859,0.10743986466540129,0.04717952069474668,spot_data,var_t(mean_j cos(phi_i(t)-phi_j(t)))
17,lPO,25,Tel,1.5972895725725633,558,0.09320807308311413,0.04717952069474668,spot_data,var_t(mean_j cos(phi_i(t)-phi_j(t)))
17,lSP,28,Tel,1.3712731940440057,804,0.0888878421048705,0.04717952069474668,spot_data,var_t(mean_j cos(phi_i(t)-phi_j(t)))
17,rP,58,Tel,1.6274838194004198,1036,0.13553847254827328,0.04717952069474668,spot_data,var_t(mean_j cos(phi_i(t)-phi_j(t)))
17,rPO,61,Tel,1.5828504374539252,530,0.09178862059016019,0.04717952069474668,spot_data,var_t(mean_j cos(phi_i(t)-phi_j(t)))
17,rSP,64,Tel,0.8449219250677052,789,0.1201139133723505,0.04717952069474668,spot_data,var_t(mean_j cos(phi_i(t)-phi_j(t)))
17,lHb,16,Di,2.3676084202295034,420,0.14458774048966277,0.04717952069474668,spot_data,var_t(mean_j cos(phi_i(t)-phi_j(t)))
17,lPT,24,Di,0.4045887279983318,320,0.08449245350618421,0.04717952069474668,spot_data,var_t(mean_j cos(phi_i(t)-phi_j(t)))
17,lPrT,26,Di,-0.760839251044076,384,0.08505590128756044,0.04717952069474668,spot_data,var_t(mean_j cos(phi_i(t)-phi_j(t)))
17,lTh,30,Di,-0.27932436463978083,764,0.15145166372643803,0.04717952069474668,spot_data,var_t(mean_j cos(phi_i(t)-phi_j(t)))
17,rHb,52,Di,1.269284446459516,349,0.15212443164252934,0.04717952069474668,spot_data,var_t(mean_j cos(phi_i(t)-phi_j(t)))
17,rPT,60,Di,0.6955220273189893,350,0.1185889026405012,0.04717952069474668,spot_data,var_t(mean_j cos(phi_i(t)-phi_j(t)))
17,rPrT,62,Di,-0.8729101402526896,507,0.07934151386996499,0.04717952069474668,spot_data,var_t(mean_j cos(phi_i(t)-phi_j(t)))
17,rTh,66,Di,0.12267948011021526,1006,0.11882055853804604,0.04717952069474668,spot_data,var_t(mean_j cos(phi_i(t)-phi_j(t)))
17,lTS,32,Mes,-0.038289558822681,353,0.18998864180101072,0.04717952069474668,spot_data,var_t(mean_j cos(phi_i(t)-phi_j(t)))
17,lTeO,29,Mes,-0.22102994971595435,7904,0.18306521799170056,0.04717952069474668,spot_data,var_t(mean_j cos(phi_i(t)-phi_j(t)))
17,rTS,68,Mes,-0.0707917864782934,145,0.16265871287768102,0.04717952069474668,spot_data,var_t(mean_j cos(phi_i(t)-phi_j(t)))
17,rTeO,65,Mes,-0.9360345644680327,7951,0.1769248209650478,0.04717952069474668,spot_data,var_t(mean_j cos(phi_i(t)-phi_j(t)))
17,lCb,1,Hind,-0.23156409707923123,2094,0.13037294395050925,0.04717952069474668,spot_data,var_t(mean_j cos(phi_i(t)-phi_j(t)))
17,lMON,0,Hind,-0.1885718314625819,814,0.1860435894276531,0.04717952069474668,spot_data,var_t(mean_j cos(phi_i(t)-phi_j(t)))
17,lMOS1,2,Hind,0.20229532589358945,1271,0.12616493087582908,0.04717952069474668,spot_data,var_t(mean_j cos(phi_i(t)-phi_j(t)))
17,lMOS2,3,Hind,-0.007147165310974443,373,0.11692232653751575,0.04717952069474668,spot_data,var_t(mean_j cos(phi_i(t)-phi_j(t)))
17,lMOS3,4,Hind,-0.5280442068802194,1049,0.1213110889353625,0.04717952069474668,spot_data,var_t(mean_j cos(phi_i(t)-phi_j(t)))
17,lMOS4,5,Hind,0.1781221791123736,897,0.0930525886304577,0.04717952069474668,spot_data,var_t(mean_j cos(phi_i(t)-phi_j(t)))
17,lMOS5,6,Hind,0.07904857777849517,997,0.12816079914413422,0.04717952069474668,spot_data,var_t(mean_j cos(phi_i(t)-phi_j(t)))
17,lNX,35,Hind,0.5159242026090447,289,0.15733149778714292,0.04717952069474668,spot_data,var_t(mean_j cos(phi_i(t)-phi_j(t)))
17,lRa,10,Hind,-0.07359117253107073,308,0.09695850948395995,0.04717952069474668,spot_data,var_t(mean_j cos(phi_i(t)-phi_j(t)))
17,lT,11,Hind,-0.7772193815657938,1187,0.09793111338747071,0.04717952069474668,spot_data,var_t(mean_j cos(phi_i(t)-phi_j(t)))
17,laRF,12,Hind,-0.564318946902863,360,0.0931596873124125,0.04717952069474668,spot_data,var_t(mean_j cos(phi_i(t)-phi_j(t)))
17,limRF,13,Hind,-1.4314709184810288,427,0.12050462141129768,0.04717952069474668,spot_data,var_t(mean_j cos(phi_i(t)-phi_j(t)))
17,lpRF,14,Hind,-0.6214145198808102,659,0.15093447631682874,0.04717952069474668,spot_data,var_t(mean_j cos(phi_i(t)-phi_j(t)))
17,rCb,37,Hind,-0.5336652505464933,2225,0.12647278200895098,0.04717952069474668,spot_data,var_t(mean_j cos(phi_i(t)-phi_j(t)))
17,rMON,36,Hind,-0.20825183989935483,960,0.22700752202599844,0.04717952069474668,spot_data,var_t(mean_j cos(phi_i(t)-phi_j(t)))
17,rMOS1,38,Hind,0.16364639867929043,1381,0.07269516607359573,0.04717952069474668,spot_data,var_t(mean_j cos(phi_i(t)-phi_j(t)))
17,rMOS2,39,Hind,0.8422349936180663,388,0.0750293807228644,0.04717952069474668,spot_data,var_t(mean_j cos(phi_i(t)-phi_j(t)))
17,rMOS3,40,Hind,-0.5651363701456422,1340,0.09177867991469243,0.04717952069474668,spot_data,var_t(mean_j cos(phi_i(t)-phi_j(t)))
17,rMOS4,41,Hind,0.12590502818072719,1159,0.10730548209375079,0.04717952069474668,spot_data,var_t(mean_j cos(phi_i(t)-phi_j(t)))
17,rMOS5,42,Hind,0.14031625821006288,1456,0.1910083909453178,0.04717952069474668,spot_data,var_t(mean_j cos(phi_i(t)-phi_j(t)))
17,rNX,71,Hind,-0.6893400895121092,587,0.09030929665812173,0.04717952069474668,spot_data,var_t(mean_j cos(phi_i(t)-phi_j(t)))
17,rRa,46,Hind,-0.7676411283127857,224,0.10280683529646169,0.04717952069474668,spot_data,var_t(mean_j cos(phi_i(t)-phi_j(t)))
17,rT,47,Hind,-1.0407411074881572,1185,0.0763493849109696,0.04717952069474668,spot_data,var_t(mean_j cos(phi_i(t)-phi_j(t)))
17,raRF,48,Hind,-0.6631233902290617,228,0.10367009332399785,0.04717952069474668,spot_data,var_t(mean_j cos(phi_i(t)-phi_j(t)))
17,rimRF,49,Hind,-1.54619502907132,298,0.08842417618610804,0.04717952069474668,spot_data,var_t(mean_j cos(phi_i(t)-phi_j(t)))
17,rpRF,50,Hind,0.10367599956677641,560,0.07884735890760386,0.04717952069474668,spot_data,var_t(mean_j cos(phi_i(t)-phi_j(t)))
18,lOB,20,Tel,0.8396904821626903,33,0.12344716790062057,0.036313404965866665,spot_data,var_t(mean_j cos(phi_i(t)-phi_j(t)))
18,lP,22,Tel,1.231407127758574,785,0.10248650546389408,0.036313404965866665,spot_data,var_t(mean_j cos(phi_i(t)-phi_j(t)))
18,lPO,25,Tel,1.5972895725725633,463,0.11889017342123485,0.036313404965866665,spot_data,var_t(mean_j cos(phi_i(t)-phi_j(t)))
18,lSP,28,Tel,1.3712731940440057,564,0.12157414526732864,0.036313404965866665,spot_data,var_t(mean_j cos(phi_i(t)-phi_j(t)))
18,rP,58,Tel,1.6274838194004198,892,0.07403269712930881,0.036313404965866665,spot_data,var_t(mean_j cos(phi_i(t)-phi_j(t)))
18,rPO,61,Tel,1.5828504374539252,477,0.09443100141733882,0.036313404965866665,spot_data,var_t(mean_j cos(phi_i(t)-phi_j(t)))
18,rSP,64,Tel,0.8449219250677052,564,0.07149528898613373,0.036313404965866665,spot_data,var_t(mean_j cos(phi_i(t)-phi_j(t)))
18,lHb,16,Di,2.3676084202295034,254,0.1075552123687877,0.036313404965866665,spot_data,var_t(mean_j cos(phi_i(t)-phi_j(t)))
18,lPT,24,Di,0.4045887279983318,313,0.11446272276284777,0.036313404965866665,spot_data,var_t(mean_j cos(phi_i(t)-phi_j(t)))
18,lPrT,26,Di,-0.760839251044076,303,0.09499273669100018,0.036313404965866665,spot_data,var_t(mean_j cos(phi_i(t)-phi_j(t)))
18,lTh,30,Di,-0.27932436463978083,792,0.09912165628083709,0.036313404965866665,spot_data,var_t(mean_j cos(phi_i(t)-phi_j(t)))
18,rHb,52,Di,1.269284446459516,229,0.11382871024994369,0.036313404965866665,spot_data,var_t(mean_j cos(phi_i(t)-phi_j(t)))
18,rPT,60,Di,0.6955220273189893,335,0.07959701210516174,0.036313404965866665,spot_data,var_t(mean_j cos(phi_i(t)-phi_j(t)))
18,rPrT,62,Di,-0.8729101402526896,414,0.06428186964293063,0.036313404965866665,spot_data,var_t(mean_j cos(phi_i(t)-phi_j(t)))
18,rTh,66,Di,0.12267948011021526,1070,0.06386460143884835,0.036313404965866665,spot_data,var_t(mean_j cos(phi_i(t)-phi_j(t)))
18,lTS,32,Mes,-0.038289558822681,232,0.11819130919775434,0.036313404965866665,spot_data,var_t(mean_j cos(phi_i(t)-phi_j(t)))
18,lTeO,29,Mes,-0.22102994971595435,6511,0.09330326792502454,0.036313404965866665,spot_data,var_t(mean_j cos(phi_i(t)-phi_j(t)))
18,rTS,68,Mes,-0.0707917864782934,217,0.11638711437139858,0.036313404965866665,spot_data,var_t(mean_j cos(phi_i(t)-phi_j(t)))
18,rTeO,65,Mes,-0.9360345644680327,5927,0.07348969621522698,0.036313404965866665,spot_data,var_t(mean_j cos(phi_i(t)-phi_j(t)))
18,lCb,1,Hind,-0.23156409707923123,1910,0.10583478683160229,0.036313404965866665,spot_data,var_t(mean_j cos(phi_i(t)-phi_j(t)))
18,lMON,0,Hind,-0.1885718314625819,778,0.12153705584982126,0.036313404965866665,spot_data,var_t(mean_j cos(phi_i(t)-phi_j(t)))
18,lMOS1,2,Hind,0.20229532589358945,1293,0.0940680404677326,0.036313404965866665,spot_data,var_t(mean_j cos(phi_i(t)-phi_j(t)))
18,lMOS2,3,Hind,-0.007147165310974443,520,0.11237748989815774,0.036313404965866665,spot_data,var_t(mean_j cos(phi_i(t)-phi_j(t)))
18,lMOS3,4,Hind,-0.5280442068802194,1090,0.08802138598237721,0.036313404965866665,spot_data,var_t(mean_j cos(phi_i(t)-phi_j(t)))
18,lMOS4,5,Hind,0.1781221791123736,852,0.0959004926138758,0.036313404965866665,spot_data,var_t(mean_j cos(phi_i(t)-phi_j(t)))
18,lMOS5,6,Hind,0.07904857777849517,1066,0.098726656032344,0.036313404965866665,spot_data,var_t(mean_j cos(phi_i(t)-phi_j(t)))
18,lNX,35,Hind,0.5159242026090447,729,0.10614558400538886,0.036313404965866665,spot_data,var_t(mean_j cos(phi_i(t)-phi_j(t)))
18,lRa,10,Hind,-0.07359117253107073,316,0.10922234188196057,0.036313404965866665,spot_data,var_t(mean_j cos(phi_i(t)-phi_j(t)))
18,lT,11,Hind,-0.7772193815657938,921,0.09492716638078733,0.036313404965866665,spot_data,var_t(mean_j cos(phi_i(t)-phi_j(t)))
18,laRF,12,Hind,-0.564318946902863,468,0.10911949363295789,0.036313404965866665,spot_data,var_t(mean_j cos(phi_i(t)-phi_j(t)))
18,limRF,13,Hind,-1.4314709184810288,567,0.10175307907769542,0.036313404965866665,spot_data,var_t(mean_j cos(phi_i(t)-phi_j(t)))
18,lpRF,14,Hind,-0.6214145198808102,842,0.1278239475803164,0.036313404965866665,spot_data,var_t(mean_j cos(phi_i(t)-phi_j(t)))
18,rCb,37,Hind,-0.5336652505464933,1991,0.07930722255549438,0.036313404965866665,spot_data,var_t(mean_j cos(phi_i(t)-phi_j(t)))
18,rMON,36,Hind,-0.20825183989935483,881,0.09605534308386646,0.036313404965866665,spot_data,var_t(mean_j cos(phi_i(t)-phi_j(t)))
18,rMOS1,38,Hind,0.16364639867929043,1356,0.07495582494140776,0.036313404965866665,spot_data,var_t(mean_j cos(phi_i(t)-phi_j(t)))
18,rMOS2,39,Hind,0.8422349936180663,421,0.07868637627752512,0.036313404965866665,spot_data,var_t(mean_j cos(phi_i(t)-phi_j(t)))
18,rMOS3,40,Hind,-0.5651363701456422,1156,0.0612328783563288,0.036313404965866665,spot_data,var_t(mean_j cos(phi_i(t)-phi_j(t)))
18,rMOS4,41,Hind,0.12590502818072719,975,0.06236220778775803,0.036313404965866665,spot_data,var_t(mean_j cos(phi_i(t)-phi_j(t)))
18,rMOS5,42,Hind,0.14031625821006288,1240,0.07961615134383951,0.036313404965866665,spot_data,var_t(mean_j cos(phi_i(t)-phi_j(t)))
18,rNX,71,Hind,-0.6893400895121092,710,0.08921117655211572,0.036313404965866665,spot_data,var_t(mean_j cos(phi_i(t)-phi_j(t)))
18,rRa,46,Hind,-0.7676411283127857,192,0.115649109671121,0.036313404965866665,spot_data,var_t(mean_j cos(phi_i(t)-phi_j(t)))
18,rT,47,Hind,-1.0407411074881572,979,0.06760705147117645,0.036313404965866665,spot_data,var_t(mean_j cos(phi_i(t)-phi_j(t)))
18,raRF,48,Hind,-0.6631233902290617,507,0.06572818671095426,0.036313404965866665,spot_data,var_t(mean_j cos(phi_i(t)-phi_j(t)))
18,rimRF,49,Hind,-1.54619502907132,522,0.05911706587872756,0.036313404965866665,spot_data,var_t(mean_j cos(phi_i(t)-phi_j(t)))
18,rpRF,50,Hind,0.10367599956677641,834,0.0797305740314697,0.036313404965866665,spot_data,var_t(mean_j cos(phi_i(t)-phi_j(t)))
