region,base_block,big_group,plot_order,side,n_cells,n_dca_cells,mean_DCA,median_DCA,mean_PostDCA,mean_PostDCA_positive,median_PostDCA_positive,mean_PreDCA,mean_PreDCA_negative,mean_PreDCA_positive,mean_Log10_OutInput_degree,mean_OO_fraction,n_postdca_cells,n_predca_cells,n_oo_cells,mean_mapping_confidence,unit
AL_R,AL,olfactory system,0,R,2608.0,2608.0,-0.0004501606873249036,0.0,0.056154580774388875,0.06693630011948969,0.03563536791171529,0.14568324507684,0.03498944319993703,0.180672688276777,0.40710621946087194,0.3711851594333449,2464.0,1504.0,2464.0,0.9849493712215771,ito48
LH_R,LH,olfactory system,1,R,883.0,883.0,-0.0038315285602107388,-0.0026945406635897,-0.0006085538974333505,0.015880788129262052,0.0080922848997061,-0.0037412126841855457,0.02355665770387959,0.019815445019694043,0.2634149895328913,0.21391143723278971,869.0,759.0,869.0,0.689672012879583,ito48
MB_CA_R,MB,mushroom body,2,R,455.0,455.0,-0.0005757691595558714,-1.147885825940613e-14,-0.24066615872143052,0.04307694381634719,0.0,0.07646125141657366,0.0007517967142194071,0.07721304813079306,-0.2581976317275092,0.025834775026807623,428.0,454.0,428.0,0.3601458174795914,ito48
MB_ML_R,MB,mushroom body,3,R,1584.0,1584.0,0.017827577204117852,0.0125876831603127,-0.06638683517939051,0.05491818887850156,0.0065038794660785305,0.0778659813718959,0.0037405653630175305,0.08160654673491344,-0.2531737284549881,0.2489212040442775,1213.0,1521.0,1213.0,0.4263460805217109,ito48
MB_PED_R,MB,mushroom body,4,R,15.0,15.0,-0.005947030288228256,1.1747504492589655e-09,-0.20535459791434113,0.028305515729954614,1.0962179778416937e-07,0.016330288271341392,0.009219157022996149,0.02554944529433754,-0.2147728904921374,0.2708452041785375,15.0,15.0,15.0,0.41612918697353696,ito48
MB_VL_R,MB,mushroom body,5,R,94.0,94.0,0.041458084044249326,0.0546993548875516,-0.36101861431397064,0.10106756392308468,0.010326089389492027,0.11799529868999191,0.0020828438778879793,0.12007814256787991,-0.20475386377108132,0.23939393939393938,88.0,90.0,88.0,0.3464372384853041,ito48
AOTU_R,AOTU,optic/lateral protocerebrum,6,R,516.0,516.0,0.018941237220754525,0.01734640247921115,-0.0075090019444148896,0.0151695582829395,0.004574463910025106,-0.02584698696370901,0.030371719135552113,0.004524732171843099,-0.35416265239063477,0.4136447656275168,461.0,495.0,461.0,0.6716676663774858,ito48
AVLP_R,AVLP,optic/lateral protocerebrum,7,R,2172.0,2172.0,0.0015292947974041781,0.00053484263994835,-0.005106436690613592,0.02206409960382563,0.007476479228503344,0.005641362723154682,0.010909059436452774,0.016550422159607458,-0.04026707338825197,0.3487519979741278,1954.0,1776.0,1954.0,0.7343042661906756,ito48
ICL_R,ICL,optic/lateral protocerebrum,8,R,555.0,555.0,0.0023333783589819797,1.5522565850796698e-16,0.0022242635918467233,0.014220834523240142,0.005492239227002907,-0.01567445120179586,0.024512788658081198,0.00883833745628534,-0.12545710971308985,0.2650779642408256,523.0,532.0,523.0,0.5858062218790072,ito48
LO_R,LO,optic/lateral protocerebrum,9,R,13874.0,13874.0,0.00028372637201015357,1.8092510220601898e-17,0.004110708215866434,0.01194750886786649,0.0011224684927650086,0.0017510190294356648,0.00400745662726595,0.005758475656701615,0.005602580840413353,0.414743417216865,11532.0,9721.0,11532.0,0.8501190356744897,ito48
ME_R,ME,optic/lateral protocerebrum,10,R,31830.0,31830.0,2.2381801046432258e-05,4.2627870090753235e-07,-0.00039667328743697223,0.006216792008969355,0.000397495172175534,-0.004332224714713032,0.008731573961530015,0.004399349246816985,0.273772131577358,0.33648285666721794,21836.0,14962.0,21836.0,0.8588003935924369,ito48
PLP_R,PLP,optic/lateral protocerebrum,11,R,1281.0,1281.0,0.0008509111053925965,4.678504377515653e-06,-0.02106792448025762,0.01822396015278434,0.00863020207076377,-0.015353608084032423,0.023270548615558342,0.007916940531525918,-0.07471419612171876,0.3819252443430352,1245.0,1240.0,1245.0,0.6265558351546513,ito48
PVLP_R,PVLP,optic/lateral protocerebrum,12,R,779.0,779.0,0.011833690889078785,0.0001651436112197,0.009406944856692998,0.019022310765032746,0.013556395514306211,-0.016610659097088875,0.022640272742015435,0.0060296136449265614,-0.0870653754911453,0.5387473556838729,777.0,776.0,777.0,0.5618858943691621,ito48
WED_R,WED,optic/lateral protocerebrum,13,R,789.0,789.0,0.00114411187717683,0.0,0.0018852715074512535,0.01293544966956902,0.005038727722569429,0.006020152274199413,0.0039069299947441846,0.009927082268943599,0.24971902728144246,0.32775072552998974,756.0,690.0,756.0,0.7920838311249557,ito48
SIP_R,SIP,superior protocerebrum,14,R,204.0,204.0,0.0005801079887404457,0.0,-0.026860709363876696,0.011335190571311741,0.004432131814977285,-0.0033002991644104623,0.020002428076244833,0.016702128911834372,0.03523065017480339,0.20658373113315437,200.0,197.0,200.0,0.45030186981550024,ito48
SLP_R,SLP,superior protocerebrum,15,R,2109.0,2109.0,0.001557485254822254,3.943850959086043e-05,0.003032188244531047,0.021567144722360695,0.007490901075891086,0.010446043148162979,0.01865574025001126,0.029101783398174236,-0.053504891429646054,0.29773257924641805,1772.0,1734.0,1772.0,0.7158258815251507,ito48
SMP_R,SMP,superior protocerebrum,16,R,2223.0,2223.0,0.0024713036258836247,0.0001367879316448,0.0035258651882899314,0.024979089873831007,0.003241251478192926,-0.006844996458685904,0.019117901460073743,0.012272905001387842,-0.09879206181154405,0.33495056531927614,1858.0,1967.0,1858.0,0.6658621599437181,ito48
SPS_R,SPS,superior protocerebrum,17,R,1338.0,1338.0,0.002592490418520893,0.00033486635593375,-0.003804817920728537,0.01855318811366717,0.00846673842923985,0.0005749492867045039,0.012590090351687759,0.013165039638392263,-0.1367483148663914,0.4217757249101971,1191.0,1221.0,1191.0,0.6784913277173099,ito48
ATL_R,ATL,inferior/ventrolateral protocerebrum,18,R,23.0,23.0,-0.007673547361276579,1.6035080493090552e-18,-0.022857583645851456,0.0076843012696145825,0.003874874468931152,-0.0163343416922015,0.04428004699311355,0.027945705300912064,-0.12531420850938985,0.24674230867022628,23.0,23.0,23.0,0.4472311220942201,ito48
CRE_R,CRE,inferior/ventrolateral protocerebrum,19,R,741.0,741.0,0.0005657400160054958,0.0,-0.02425095601054753,0.011210897585465097,0.002355510168660625,-0.004596197342831208,0.01844830373606177,0.01385210639323056,-0.041754985627368964,0.23271415428978956,699.0,719.0,699.0,0.5888465443156257,ito48
EPA_R,EPA,inferior/ventrolateral protocerebrum,20,R,6.0,6.0,0.0,0.0,-0.006573797173747521,0.014347098754916642,0.012166406856165202,-0.003681199480192855,0.008135104158582963,0.004453904678390108,0.09476098317589764,0.10909090909090909,5.0,5.0,5.0,0.40536775259003505,ito48
IB_R,IB,inferior/ventrolateral protocerebrum,21,R,127.0,127.0,0.0013062811931777148,0.0,0.017902571758387918,0.0364638376026453,0.010161726043227707,-0.0030544950063655374,0.011170878171200464,0.008116383164834927,-0.0067678763038418145,0.19945868586028767,120.0,120.0,120.0,0.48862198478796903,ito48
LAL_R,LAL,inferior/ventrolateral protocerebrum,22,R,564.0,564.0,0.004686234778174885,0.00020686785398130002,-0.009054463137215007,0.023416134530816056,0.016167833436253488,-0.0014737150766218094,0.014884423823691546,0.013410708747069736,-0.009523823928532266,0.4092528730598157,558.0,549.0,558.0,0.572951818645014,ito48
VES_R,VES,inferior/ventrolateral protocerebrum,23,R,515.0,515.0,0.005919670463240947,0.0006108835195216,-0.002718082978190624,0.019789997453900622,0.015161606618654028,0.0012867964997239334,0.01273505339311506,0.014021849892838995,0.05341059138499083,0.37671549102273283,496.0,443.0,496.0,0.7041258231622811,ito48
LH_L,LH,olfactory system,24,L,1973.0,1973.0,-0.003370112567205264,-0.0008003869546784,0.007387842115165569,0.015420739639468392,0.005842091335728234,-0.005944849331011297,0.015078303940135845,0.009133454609124549,0.14665766425643467,0.1937890192518078,1600.0,1381.0,1600.0,0.8518090925584685,ito48
MB_CA_L,MB,mushroom body,25,L,511.0,511.0,-0.0004200374485071763,-3.143471702068613e-09,0.010309613401118516,0.16554209978716886,0.16516673221466854,0.1250486860202262,0.0008410714928800898,0.1258897575131063,-0.12475058963498241,0.030267453513015845,506.0,505.0,506.0,0.37284312696689625,ito48
MB_ML_L,MB,mushroom body,26,L,1928.0,1928.0,0.005356271019891892,0.0047130974519759995,-0.07928022598114566,0.11149878546508617,0.006249945855610832,0.08069216827960521,0.003442456105004907,0.08413462438461011,-0.3071700590950583,0.502754942114022,1609.0,1864.0,1609.0,0.4231325856577705,ito48
MB_PED_L,MB,mushroom body,27,L,24.0,24.0,0.014807320438787443,0.0,0.012469073840912533,0.07051009806255845,0.02291424740848321,0.02663980024681867,0.002360172803327376,0.02899997305014605,-0.27050127538013563,0.1497887529137529,22.0,24.0,22.0,0.5388074295555266,ito48
MB_VL_L,MB,mushroom body,28,L,9.0,9.0,0.03548203573312016,0.0,-0.012576780647345277,0.11618594489622747,0.08777418536461844,0.046515664494454184,0.016791192827265745,0.06330685732171992,-0.33695764009452445,0.15507246376811595,8.0,8.0,8.0,0.3602689217588303,ito48
AME_L,AME,optic/lateral protocerebrum,29,L,24.0,24.0,0.00938284868338836,0.0,0.0009690628463992271,0.0037725484066030036,0.0022133410811217735,-0.05187376278538143,0.052776728054961974,0.0009029652695805414,-0.07056845960811951,0.12244518766257896,23.0,19.0,23.0,0.7044327766271429,ito48
AOTU_L,AOTU,optic/lateral protocerebrum,30,L,601.0,601.0,0.01673443059154703,0.0134054593417428,-0.0015333589322050728,0.02755867826006977,0.011212631681507977,-0.020331519759939704,0.03303873640772762,0.01270721664778792,-0.40586794442255497,0.529275773736896,519.0,591.0,519.0,0.8918257234286342,ito48
AVLP_L,AVLP,optic/lateral protocerebrum,31,L,2005.0,2005.0,0.0025588138708559425,0.0006125545526105,-0.005665498976547219,0.017506590080857108,0.005818953755108602,0.0009018143313364175,0.01324324694825127,0.014145061279587685,-0.0014042269185820103,0.34735140668462433,1788.0,1632.0,1788.0,0.7483254036878222,ito48
ICL_L,ICL,optic/lateral protocerebrum,32,L,566.0,566.0,0.0018436013109097025,5.873659349928741e-26,0.004285002349058891,0.014131625992980302,0.00510105467407668,-0.008868911377059717,0.019186372003342316,0.0103174606262826,-0.11206139945330787,0.2761837283357335,525.0,529.0,525.0,0.5842391617747914,ito48
IVLP_L,IVLP,optic/lateral protocerebrum,33,L,,,,,,,,,,,,,,,,,ito48
ME_L,ME,optic/lateral protocerebrum,34,L,36515.0,36515.0,0.0005390230409539235,-1.558948327760365e-07,-0.007525464560619596,0.013740716782674437,0.005480553501745259,-0.06934633813583503,0.08316213604551992,0.013815797909684884,0.22178703092078345,0.28508966025491644,17370.0,8639.0,17370.0,0.994461520538547,ito48
PLP_L,PLP,optic/lateral protocerebrum,35,L,2059.0,2059.0,0.0003905629049024432,2.377930435305477e-08,-0.003964087838005632,0.024762749236781196,0.01229278952833499,-0.009255271541992889,0.015335420826778723,0.006080149284785834,-0.04894072959107215,0.34959308342770956,1985.0,1954.0,1985.0,0.7700866608891362,ito48
PVLP_L,PVLP,optic/lateral protocerebrum,36,L,1481.0,1481.0,0.009306012744395742,0.001303396213092,0.00931782930416943,0.02108772281739994,0.01408356363088675,-0.031545909140880755,0.03701105985373959,0.005465150712858831,-0.2677331877211652,0.46906856168504224,1466.0,1464.0,1466.0,0.8244799690086044,ito48
SIP_L,SIP,superior protocerebrum,37,L,390.0,390.0,0.004623004697077775,0.0,0.010544627094206102,0.026564468898378057,0.00976128597360946,0.002419202341018956,0.014193888296616376,0.016613090637635334,-0.030800812472045077,0.22468035426220098,367.0,371.0,367.0,0.6560311035244403,ito48
SMP_L,SMP,superior protocerebrum,38,L,2354.0,2354.0,0.0031532077074873112,8.516569169664468e-05,0.011035003700357473,0.02832020251885323,0.0032393342661994383,-0.002902292351306564,0.014549689982957227,0.011647397631650663,-0.09118454451164534,0.3542849313792078,1918.0,2065.0,1918.0,0.7231721053743015,ito48
SPS_L,SPS,superior protocerebrum,39,L,1212.0,1212.0,0.003125166345886857,0.00046227830697389996,-0.003695051641943848,0.017408104487802768,0.006780039474313931,-0.003971869758234588,0.015141676676324059,0.011169806918089472,-0.12407637349594373,0.434056145794664,1090.0,1104.0,1090.0,0.6950357408655378,ito48
ATL_L,ATL,inferior/ventrolateral protocerebrum,40,L,42.0,42.0,-0.006360124099418708,0.0,-0.025225968526103437,0.0081194081525083,0.0006442997330360781,0.027014833296070618,0.004283410881827355,0.03129824417789797,-0.15284473711030006,0.17640359189578592,38.0,41.0,38.0,0.4375515151095835,ito48
CRE_L,CRE,inferior/ventrolateral protocerebrum,41,L,704.0,704.0,0.0003089837026198708,7.844447145871609e-20,-0.0049864930875445435,0.020775665270186688,0.004126166236454644,-0.010358700051660112,0.02640754781871835,0.016048847767058238,-0.04716678586850554,0.2945235122547201,675.0,694.0,675.0,0.6330252132147755,ito48
EPA_L,EPA,inferior/ventrolateral protocerebrum,42,L,11.0,11.0,-0.03695817218683622,0.0,0.04462938875036894,0.06412710403649452,0.012118840591698531,-0.08493053570163672,0.09253295118943382,0.0076024154877971095,0.12028028480675679,0.10991735537190082,11.0,11.0,11.0,0.4958012371726422,ito48
IB_L,IB,inferior/ventrolateral protocerebrum,43,L,128.0,128.0,0.006526175683855168,0.0,0.02833032923853502,0.03561465283861482,0.011546790282776939,-0.006711058089570979,0.015241130775047552,0.008530072685476574,-0.026222759313861706,0.15092793693324769,116.0,114.0,116.0,0.5125734054859159,ito48
LAL_L,LAL,inferior/ventrolateral protocerebrum,44,L,678.0,678.0,0.00444471787200784,0.0001443163092578,0.01585258619494583,0.037231249127294204,0.018609187715549844,-0.004334679475695179,0.017501852556518697,0.01316717308082352,0.07356001110740248,0.420132672835049,673.0,648.0,673.0,0.6596443212903678,ito48
VES_L,VES,inferior/ventrolateral protocerebrum,45,L,590.0,590.0,0.004903276535505631,0.0006381048412725,0.005556477753682611,0.02561926914454139,0.015536708546387487,-0.00031742732155186755,0.014147284983356932,0.013829857661805065,0.041618049967336576,0.40078493198798293,570.0,494.0,570.0,0.7839261241043048,ito48
NO,NO,central complex,46,midline,551.0,551.0,-0.00589634669030912,-2.19007819851588e-06,0.0006600283274300072,0.0034522715914942085,2.9773609147982616e-06,0.014670257704999839,0.00897132070882983,0.02364157841382967,0.07155619672315025,0.030870293985014043,423.0,339.0,423.0,0.8673370857574221,ito48
PB,PB,central complex,47,midline,225.0,225.0,-0.010630774528112334,-0.0012108423767231,-0.009404044569384798,0.0033217601035986513,0.0003807412547167832,0.0041013617291194735,0.0017352630655981971,0.005836624794717671,0.23532160352256568,0.12919242277297324,209.0,166.0,209.0,0.9048306619428226,ito48
